filename	text
21-21001-10.wav	แล้วก็ทางด้านของฝ่ายปกครองกว่า200นาย
21-21001-20.wav	สำหรับผลการปฏิบัติการโดยรวมทั้งจังหวัด
21-21001-8.wav	ว่าราชการจังหวัดสมุทรปราการร่วมกันกับพันธุ์ตำรวจเอก
21-21003-8.wav	เหตุการณ์นี้เกิดขึ้นที่จังหวัดบึงกาฬนะคะ
21-21004-15.wav	แต่ว่าตำรวจนายนี้ไม่ประสงค์จะไปโรงพยาบาล
21-21004-18.wav	อยู่ในที่เกิดเหตุด้วยนายชาญเจริญยิ่งเจ้าของรถกระบะเนี่ย
21-21004-27.wav	เอาละครับกับทางรองผู้กำกับการสอบสวนท่านนั้นนายนั้นนะ
21-21004-4.wav	ตัวเมืองจังหวัดสุรินทร์ในที่เกิดเหตุพบรถกระบะของนายชาญเจริญยิ่ง
21-21006-4.wav	เหตุการณ์ที่นายมงคลคุณเพียรอายุ24ปีพลเมืองดีที่ไปช่วยรถกระบะตกไหลทางนะครับ
21-21006-7.wav	วันนี้ครอบครัวนะครับไปกับเพื่อนร่วมงานนะฮะนิมนต์พระไปประกอบพิธีเชิญดวงวิญญาณนายมงคลตรงจุดเกิดเหตุ
21-21009-1.wav	คุณยายวัย97ปีเรียกว่าคุณทวดก็คงได้ที่จังหวัดบุรีรัมย์
21-21009-7.wav	ลักษณะที่เกิดเหตุเป็นบ้านไม้ชั้นเดียวในตำบลหนองไม้งามอำเภอบ้านกรวดจังหวัดบุรีรัมย์นะคะ
21-21010-14.wav	มารักษาตัวที่บ้านเกิดในจังหวัดระยอง
21-21011-12.wav	ก่อนที่จะไปเดินทางแสดงเชิดสิงโตถวาย
21-21012-44.wav	ส่วนตอนล่างบริเวณจังหวัดพัทลุงสงขลาปัตตานี
21-21013-32.wav	ตอนนี้ก็ประสบปัญหาน้ำท่วมหลายจังหวัดอยู่เหมือนกันครับ
21-21017-42.wav	อายุ46ปีแล้วผู้หญิงคนนี้เป็นชาวจังหวัดนครปฐม
21-21018-26.wav	ครอบคลุมทุกจังหวัดทั่วประเทศ
21-21019-0.wav	คุณผู้ชมคะมีเหตุการณ์ระทึกเกิดขึ้นที่จังหวัดอ่างทองนะคะ
21-21021-1.wav	ก็ยังเดินทางมอบเงินช่วยเหลือให้กับชาวบ้านต่อ
21-21021-29.wav	แล้วก็เล่าถึงการเดินทางไปร่วมรับโทรศัพท์
21-21022-26.wav	แต่คราวนี้เดินทางมาพิษณุโลกแล้วก็เข้าเขตจังหวัดแพร่
21-21022-7.wav	ภูมิลำเนาเธออยู่ที่จังหวัดลำปางนะหลังคลอดลูกบนรถกระบะ
21-21027-3.wav	หลังจากที่ทราบข่าวกันว่าผืนป่าที่เคยอุดมสมบูรณ์ในจังหวัดน่านนั้นตอนนี้กลายเป็นเพียงอดีตไปแล้วค่ะ
21-21027-5.wav	สำหรับกรณีที่โจอี้บอยแชร์ข่าวผู้ว่าราชการจังหวัดน่านฉุนเพจดังที่กล่าวหาว่าหน่วยงานของภาครัฐเพิกเฉยต่อสถานการณ์ป่าไม้ของจังหวัดผ่านทางเฟซบุ๊ก
21-21028-8.wav	บ้านของเธออยู่ที่บ้านแดงนะฮะอำเภอภูเขียวจังหวัดชัยภูมิถูกเพื่อนบ้านมาปาก้อนหินใส่ยิงหนังสติ๊กใส่เธอบอกว่า
21-21035-0.wav	กรณีที่มีผู้ต้องหาเนี่ยยิงตำรวจกองปราบเสียชีวิตหนึ่งนาย
21-21035-1.wav	ได้รับบาดเจ็บ1นายช่วงต้นเดือนมีนาคม
21-21035-40.wav	หลังจากก่อเหตุยิงตำรวจหลบหนีในพื้นที่จังหวัดพัทลุง
21-21036-3.wav	หลังจากที่ไปพาหญิงสาววัย16ปีมาจากแม่ที่จังหวัดสุรินทร์มาอยู่ด้วย
21-21037-11.wav	พนักงานโรงแรมแห่งหนึ่งในจังหวัดระยอง
21-21037-33.wav	แม้ว่านายเกียรติศักดิ์จะมีครอบครัวแล้ว
21-21039-11.wav	เหตุเกิดบนถนนสาย344หนองใหญ่ขาเข้าอำเภอแกลงจังหวัดระยองครับ
21-21046-22.wav	ตำบลโคกขามอำเภอเมืองจังหวัดสมุทรสงคราม
21-21046-24.wav	นายสหรัฐหัสกุลอายุ37ปีเป็นคนขับรถกระบะ
21-21048-12.wav	เป็นเจ้าหน้าที่ชุดปฏิบัติการพิเศษฝ่ายปกครองจังหวัดมหาสารคาม
21-21051-1.wav	เดินทางไปรับศพมาประกอบพิธีทางศาสนานะครับท่ามกลางบรรยากาศแห่งความโศกเศร้า
21-21053-10.wav	ทีนี้นักข่าว5คนที่เดินทางไปสัมภาษณ์ปรากฏว่า
21-21053-64.wav	ส่วนผู้สื่อข่าวทั้ง5คนวันนี้เตรียมแล้วที่เดินทางไปสถานีตำรวจภูธรบ้านไผ่
21-21056-5.wav	ถูกพบเหลือแต่โครงกระดูกในรถยนต์ที่ไหม้วอดทั้งคันภายในอู่รถยนต์เก่าอำเภอจอมบึงจังหวัดราชบุรี
21-21057-9.wav	ซึ่งจังหวัดครับจะมีการประกาศแจ้งเตือนประชาชน
21-21064-66.wav	จังหวัดที่มีอุบัติเหตุสูงสุดในวันแรก
21-21064-77.wav	เพราะว่าเป็นจังหวัดที่มีการเดินทางผ่านไป
21-21064-78.wav	จังหวัดปลายทางก็สุ่มเสี่ยงเกิดอุบัติเหตุง่ายนะครับ
21-21064-80.wav	ราชการจังหวัดให้เพิ่มกำลังเจ้าหน้าที่
21-21068-33.wav	คนขับรถกระบะเป็นตำรวจยศนายดาบตำรวจ
21-21070-14.wav	เชื่อมทอดยาวไปถึง3จังหวัดด้วยกัน
21-21070-17.wav	จังหวัดสกลนครและมุกดาหาร
21-21070-26.wav	ที่มีนักท่องเที่ยวมีประชาชนสนใจแล้วก็มาท่องเที่ยวกันเยอะ
21-21070-4.wav	ผาเป้าผาเป้าที่จังหวัดนครพนม
21-21071-10.wav	จังหวัดหนองบัวลําภูแล้วนะคะช่วงเช้าที่ผ่านมาญาติพี่น้องเพื่อนบ้านเนี่ย
21-21072-10.wav	แล้วก็สมาชิกกองอาสารักษาดินแดน40กว่านายค่ะ
21-21074-108.wav	เมื่อสักครู่ผมบอกเล่าชะตากรรมของตำรวจชั้นผู้น้อยหลายร้อยนายไปแล้ว
21-21074-16.wav	ที่เป็นการสร้างเครือข่ายเส้นสายกันในหมู่นายตำรวจ
21-21074-31.wav	ก็จะเจออย่างนายตำรวจ97นาย
21-21074-356.wav	ถ้าพลเอกประยุทธ์คิดว่านายตำรวจคนนี้มีปัญหาไม่มากพอ
21-21074-37.wav	เพราะมีกันอยู่509นาย
21-21074-38.wav	แต่วันนี้เหลือแค่507นาย
21-21074-478.wav	นายตำรวจคนนี้มีดีอะไรเป็นพิเศษอย่างนั้นหรือ
21-21074-546.wav	และผู้อำนวยการเดินทางถวาย
21-21074-554.wav	และผู้อำนวยการเดินทางถวายต่อไป
21-21074-621.wav	ขาดคุณสมบัติในการเป็นนักบินถวายการเดินทาง
21-21074-624.wav	โดยสารเครื่องบินที่ขับโดยนายตำรวจคนนี้
21-21074-79.wav	การจบชีวิตตัวเองของนายตำรวจคนล่าสุด
21-21074-97.wav	กับนายตำรวจอีกนายที่เคยรับปากว่าอยู่กับพี่2ปีเดี๋ยวให้ย้าย
21-21076-10.wav	สำหรับการให้นโยบายกับจังหวัดดำเนินการใน10ด้าน
21-21076-9.wav	ประจำปีงบประมาณ2564กับผู้ว่าราชการจังหวัดทุกจังหวัดนะคะ
21-21078-3.wav	เริ่มกันที่จังหวัดสงขลากันก่อนเลยค่ะ
21-21080-21.wav	ทีมข่าวไทยรัฐทีวีจึงเดินทางไปที่อำเภอปรานบุรี
21-21082-26.wav	เดินทางไปเยี่ยมค่ะและสภาพที่เห็นลูกก็คือนอนบาดเจ็บสาหัสแบบนี้
21-21082-9.wav	พ่อแท้นามสมมุติว่านายเอละกันนะคะอายุ23ปีค่ะ
21-21084-28.wav	ชุดนางรำไปถวายด้วยนะฮะแล้วก็เป็นชุดนางรำพื้นเมืองนะฮะสวยงามทีเดียวชาวบ้านก็บอกว่าจัดขึ้นเพื่อความเป็นสิริมงคล
21-21084-4.wav	อยู่ในตำบลปิงโค้งอำเภอเชียงดาวจังหวัดเชียงใหม่
21-21088-65.wav	รวมทั้งจังหวัดที่ทำหน้าที่โดยตรง
21-21095-29.wav	และเป็นถนนที่ต้องเดินทางไปทำการเกษตร
21-21095-7.wav	นี่แหละค่ะจังหวัดบึงกาฬอัปเดตกันหน่อย
21-21096-25.wav	ทีมข่าวค่ะต้องเดินทางไปที่คลินิกแห่งนี้นะคะ
21-21097-1.wav	คุณครูในโรงเรียนแอบถ่ายเอาไว้เป็นโรงเรียนประถมที่จังหวัดระนองนะคะ
21-21097-63.wav	นายสุวรรณอายุ43ปี
21-21097-6.wav	โรงเรียนเอกชนสอนภาษาจีนหมิงซินในอำเภอเมืองจังหวัดระนอง
21-21100-17.wav	ก็เดินทางกลับมาจากการไปเล่นฟุตบอลที่สนามฟุตซอลแห่งหนึ่งค่ะ
21-21100-9.wav	อำเภอพระประแดงจังหวัดสมุทรปราการนะครับห่างจากสภ.สำโรงใต้
21-21107-134.wav	นางสาวจันจิราอายุ23เธอก็บอกว่าพ่อเธอพ้นขีดอันตรายแล้ว
21-21108-485.wav	นางก็บอกว่าไม่ซ้อมวันนี้เขาไม่ซ้อม
21-21110-13.wav	ภาคตะวันออกก็มีจังหวัดนครนายกระยองฉะเชิงเทราจันทบุรีชลบุรีแล้วก็ตราดนะครับ
21-21112-12.wav	แล้วก็คนขี่เนี่ยทราบชื่อคือนายปริญญาอายุเพียงแค่15ปีเท่านั้น
21-21112-6.wav	เหตุการณ์นี้เกิดขึ้นนะคะที่จังหวัดชลบุรีค่ะ
21-21120-121.wav	ร่วมกับจังหวัดพระตะบองของกัมพูชาเขา
21-21120-39.wav	ก็ได้เป็นนายกรัฐมนตรีทั้งสิ้น
21-21120-47.wav	นี่คือการโพสต์ข้อความของนาย
21-21120-4.wav	ไปที่การจะลงพื้นที่ของนายกรัฐมนตรีพลเอก
21-21121-1.wav	คือในเรื่องนะคะนางก็จะถอดเสื้อซิกแพคแน่นมาก
21-21122-0.wav	คุณผู้ชมครับยังมีอีกหนึ่งเรื่องราวไปติดตามกันจะพาไปเที่ยวที่จังหวัดบึงกาฬ
21-21124-53.wav	หน้าวัดช่องลมจังหวัดสมุทรสงครามแห่งนี้
21-21126-3.wav	แต่ว่าของผมนี่แหละครับเป็นห่วงครับเรื่องการเดินทางกลับมาสู่การทำงาน
21-21128-5.wav	ผู้สื่อข่าวไทยรัฐทีวีรายงานมาจากพื้นที่จังหวัดสงขลาเชิญค่ะ
21-21130-12.wav	เลขที่164หมู่4ตำบลดอนกรวยอำเภอดำเนินสะดวกจังหวัดราชบุรี
21-21133-13.wav	แรงระเบิดทำให้เจ้าหน้าที่บาดเจ็บไปสองนายนะคะ
21-21136-92.wav	และพื้นที่จังหวัดภาคใต้เป็นพื้นที่เฉพาะ
21-21139-43.wav	เราต้องไปถามไงเราไปถามนางสาวน้ำอ้อยเป็นหัวหน้าฝ่ายพัสดุและทรัพย์สิน
21-21147-12.wav	นายเสรีย้ำว่าแม้จะยอมถอยก็ไม่เชื่อแล้วเพราะว่าขัดกับจุดยืนที่แสดงมา
21-21147-17.wav	เพื่อปิดสวิตช์สวนายเสรีมองว่าทำยังไงก็ไม่สำเร็จ
21-21147-30.wav	นายเสรีมองว่าก็ไม่ได้ผิดปกติอะไร
21-21147-9.wav	ซึ่งถ้าหากเสนอชื่อนายพิธามาเหมือนเดิมก็ยังชัดเจนในจุดยืนเดิม
21-21152-113.wav	ว่าแต่ละจังหวัดแต่ละพื้นที่เป็นยังไง
21-21152-129.wav	นะครับจนในขณะเดียวกันทั้งหมดกี่จังหวัดครับ22จังหวัด
21-21152-163.wav	ก็คือพ่อเมืองเขาบอกชัดเจนเลยก็คือทางจังหวัดสมุทรสาครก็ได้มีการชี้แจงเรื่องของกำแพงเนี่ย
21-21152-271.wav	ตอนนี้คือเรานับจังหวัดไม่ได้อย่างที่บอกเราจะต้อง
21-21152-369.wav	คือรถพยาบาลเนี่ยเขากำลังจะเดินทางไปช่วยเหลือคนป่วยขั้นวิกฤต
21-21152-382.wav	เดินทางไปถึงที่หมายช้า
21-21152-386.wav	ก็เดินทางมาที่สภ.เมืองสมุทรปราการ
21-21152-387.wav	เพื่อจะติดต่อขอเอกสารในการเดินทางไปรับศพสามี
21-21152-40.wav	บอกสัก20กว่าจังหวัดถูกต้องไหม
21-21152-95.wav	ซึ่งวันนี้เขาบอกว่าที่ไปพบผู้ชายที่ป่วยโควิดที่จังหวัดนนทบุรีถูกต้องไหมครับ
21-21153-26.wav	โอ้โหหอมไปถึงจังหวัดอื่นนะ
21-21153-27.wav	ข้ามจังหวัดจากอุทัยไปไหนต่อไหนเลยคุณ
21-21155-72.wav	ผู้ช่วยผู้จัดการร้านค่ะนายกองแพงสนแจ้ง
21-21157-59.wav	ก็ทางนายปริญญาก็ยังแนะนำผู้ใช้งานนะครับให้หมั่นตรวจสอบข้อมูลส่วนตัวของตัวเองอยู่เสมอนะครับ
21-21163-46.wav	ภายในซอยกิ่งแก้ว21ตำบลราชาเทวะอำเภอบางพลีจังหวัดสมุทรปราการนะครับ
21-21163-56.wav	และก่อนการประกาศผังเมืองรวมของจังหวัดสมุทรปราการ
21-21169-59.wav	ขณะที่อีกคนนึงชื่อนายมานพซึ่งอยู่กับคุณนายดาว
21-21169-91.wav	ขณะเดียวกันนางสาวมดก็เปิดเผยว่าพี่สาวของเธอถูกดาวเจ้าของร้านกล้วย
21-21170-3.wav	และนักท่องเที่ยวค่ะก็ยังคงเดินทางไปสัมผัสกับอากาศหนาวเย็น
21-21170-4.wav	ตามสถานที่ต่างๆโดยเฉพาะดอยอินทนนท์จังหวัดเชียงใหม่นะคะ
21-21170-6.wav	สภาพอากาศที่จังหวัดเชียงใหม่ช่วงเช้าที่ผ่านมานะคะ
21-21171-12.wav	เป็นผู้ต้องหายิงนางทิติชดาตันบุตรอายุ43ปี
21-21171-21.wav	ข้างวัดนากลมใต้ที่อำเภอเมืองจังหวัดลำปาง
21-21171-45.wav	ไม่ได้ไปคบกับนายอนุวัฒน์คนเจ็บ
21-21176-12.wav	ในวันพรุ่งนี้9สิงหาคมเนี่ยตำรวจจะนำตัวทั้งหมดส่งสารจังหวัดธัญบุรี
21-21176-2.wav	ก็ไปเดินทางไปที่สำนักงานตำรวจแห่งชาติแสดงเจตนาความบริสุทธิ์นะคะ
21-21177-0.wav	ที่เขาสามมุกจังหวัดชลบุรีหลายคนบอกว่าไปที่นี่นะขอพรเรื่องความรักก็ได้ขอพรเรื่องการงานก็ดีก็เลยมีคนไปแก้บนกันค่ะ
21-21177-9.wav	แล้วก็ถือว่าเป็นสัญลักษณ์ในดวงตราประจำจังหวัดชลบุรีด้วยพิกัดอยู่ระหว่างบ้านอ่างศิลาและหาดบางแสน
21-21178-21.wav	ไปที่บ้านบ้านเขาอยู่ที่หมู่บ้านโนนหุ่งอำเภอเมืองจังหวัดศรีสะเกษ
21-21185-7.wav	แต่นี่ฮะล่าสุดเนี่ยที่จังหวัดเลยมีทหารนายหนึ่งโพสต์นะครับ
21-21189-235.wav	ไม่มีใครในจังหวัดหนองคายไม่รู้จักมาติดตามในช่วงหน้ากันครับ
21-21192-0.wav	กรณีของเด็กชายสองคนซึ่งอยู่ที่วัดทุ่งเหียงจังหวัดชลบุรีนะครับ
21-21192-34.wav	ไม่ใช่แค่สังคมที่กำลังประนามพฤติกรรมของนายยง
21-21192-48.wav	ซึ่งนายยงได้ออกมาให้เหตุผลว่า
21-21196-129.wav	แล้วก็ความสำคัญของการตรวจคัดกรองคนที่เดินทางจากต่างประเทศ
21-21196-162.wav	สำหรับคนไทยที่เดินทางกลับจากต่างประเทศ
21-21196-21.wav	และกลุ่มที่เป็นผลมาจากการค้นหาเชิงรุกที่จังหวัดยะลาอีก7รายด้วยกัน
21-21197-14.wav	เขาก็เดินทางไปให้กำลังใจลุงพลที่บ้านเหมือนกันนะฮะ
21-21197-9.wav	เมื่อวานนี้ลุงพลก็เดินทางขึ้นไปที่วัดภูผาแอก
21-21199-16.wav	อำเภอบ้านไผ่จังหวัดขอนแก่นระงับการปฏิบัติราชการหรือหน้าที่
21-21200-16.wav	แล้วก็เดินทางมาถึงถูกหมายจับด้วยนะคะ
21-21201-198.wav	เมื่อกี้นี้ค่ะหอบครับเหนื่อยฮะคุณจ๋าเดินทางต่อครับออก
21-21202-9.wav	เหตุการณ์ที่เกิดขึ้นในจังหวัดแห่งหนึ่งทางภาคอีสานนะคะ
21-21203-13.wav	ค่ะน้องมินตันนะฮะหรือว่านางสาวมินตราเชื้อวังคำ
21-21204-13.wav	ตอนแรกก็มีการสอบถามไปยังภรรยาคือนางหวังหนาน
21-21205-36.wav	ส่วนที่จังหวัดตรังชาวบ้านก็ต้องพายเรือไปขนย้ายสิ่งของ
21-21205-71.wav	ถูกน้ำท่วมสูงตอนนี้ในจังหวัดตรังค่ะ
21-21206-22.wav	เมื่อวานนี้ผมได้พูดคุยกับนายตำรวจชั้นผู้ใหญ่คนหนึ่ง
21-21206-36.wav	ชุดของศูนย์ปราบปรามเดินทางไปกัมพูชานะฮะ
21-21213-34.wav	คำนวณกันให้ดีนะไอ้เรื่องน้ำมันกับการเดินทางเนี่ยใช่
21-21216-17.wav	ที่อำเภอเมืองจังหวัดชลบุรีนะคะ
21-21217-39.wav	เป็นชาวจังหวัดเพชรชบูรณ์ชกมาแล้ว38ครั้ง
21-21217-49.wav	มุมแดงครับซ้อมอยู่ค่ายมวยดวงใจพ่อที่จังหวัดสุรินทร์นะครับ
21-21219-10.wav	เป็นทหารพรานในพื้นที่3จังหวัดชายแดนภาคใต้แล้วก็เป็นลูกพี่ลูกน้องกัน
21-21222-11.wav	เป็นผลไม้อัตลักษณ์ของจังหวัดพังงาค่ะ
21-21222-19.wav	แล้วก็ถือว่าได้รับความนิยมอย่างมากในจังหวัดพังงารวมถึงในประเทศไทยเรียกว่าเป็นหนึ่งเดียวก็ว่าได้
21-21224-0.wav	อีกหนึ่งที่นะครับพาไปหน่อยที่จังหวัดบึงกาฬ
21-21230-106.wav	แล้วก็นำตัวไปฝากขังต่อสารจังหวัดปทุมธานีในวันพรุ่งนี้นะครับ
21-21230-39.wav	เป็นการพูดจาที่ไม่รู้เรื่องของนายเต้ย
21-21230-46.wav	เรียงเรื่องราวได้ทั้งหมดว่านายเต้ยก่อเหตุทั้งสองเหตุ
21-21234-6.wav	บอกว่าในคืนวันนั้นที่ผับดังในเมืองพัทยาจังหวัดชลบุรี
21-21237-1.wav	เหตุการณ์เกิดขึ้นที่จังหวัดประจวบคีรีขันธ์คุณพ่อเนี่ยพาลูกทั้งหมด4คน
21-21237-9.wav	ตำบลช้างแรกอำเภอบางสะพานน้อยจังหวัดประจวบคีรีขันธ์
21-21238-34.wav	จะถูกชุดสืบสวนตำรวจภูธรจังหวัดสระแก้วตามรวบตัวได้
21-21238-36.wav	ผู้บังคับการตำรวจภูธรจังหวัดชลบุรี
21-21242-22.wav	บังคับการตำรวจภูธรจังหวัดสุราษฎร์ธานีก็บอกว่า
21-21242-48.wav	ผู้บังคับการตำรวจภูธรจังหวัดสุราษฎร์ธานีบอกว่า
21-21247-83.wav	เป็นภาพประวัติศาสตร์อีกทีนึงเดินทางไปพูดคุยทำความเข้าใจ
21-21253-60.wav	ที่จังหวัดอำนาจเจริญค่ะ
21-21253-61.wav	ก็คือไปจังหวัดที่ไปเก็บตัวนั่นแหละ
21-21253-67.wav	อันนี้เขานางเมื่อกี้เขานางสาวไทย
21-21254-9.wav	บ้านหนองตะกูอำเภอแปลงยาวจังหวัดฉะเชิงเทราครับ
21-21256-11.wav	เดินทางไปที่นิติเวชโรงพยาบาลธรรมศาสตร์เฉลิมพระเกียรติจังหวัดปทุมธานี
21-21256-27.wav	อำเภอคลองหาดจังหวัดสระแก้ว
21-21256-29.wav	ไปคุยกับนางนอมคุณแม่ของผู้เสียชีวิตนะคะ
21-21256-55.wav	ฐานก่อเหตุทำร้ายร่างกายโดยใช้อาวุธมีดฟันเข้าที่บริเวณศีรษะหน้าอกและกลางหลังของนายปรีชามุ่งเงิน
21-21258-24.wav	เขาขับรถมามาที่โรงพักนี้เนี่ยนะปรากฏว่าตัวนายจีรศักดิ์เนี่ย
21-21258-27.wav	ค่ะนายจีรศักดิ์ซึ่งจริงจริงก็อยู่บ้านของเขาแหละเสพกัญชาไง
21-21261-25.wav	เดินทางจากสถานีหาดใหญ่เข้ากรุงเทพนะครับ
21-21262-97.wav	ทุกครั้งที่เดินทางไปที่บ้านใบเตย
21-21263-10.wav	จากกรณีที่เรืออินแปลงของอำเภอกรรมราศัยจังหวัดกาฬสินธุ์
21-21263-13.wav	บริเวณวัดท่าตูมวารินตำบลท่าตูมอำเภอเมืองจังหวัดมหาสารคาม
21-21263-24.wav	กู้ภัยเมตตาธรรมจังหวัดกาฬสินธุ์
21-21267-48.wav	และกลุ่มผู้สื่อข่าวของไทยที่เดินทางไปติดตาม
21-21270-28.wav	เรื่องที่1จังหวัดอุบลราชธานี
21-21270-80.wav	เพราะว่ายายอะไรก็พอจะรู้มั่งในจังหวัดอุบล
21-21270-92.wav	ยายพยายามนึกถึงจังหวัดอุบลราชธานีให้ดีนะ
21-21270-94.wav	จังหวัดอุบลราชธานีมีกี่อำเภอ
21-21272-1.wav	โดยระบุว่านางสาวสุภาพรเป็นนักเรียนทุนพระราชทานและยอมสละสิทธิ์ไม่ร่วมประกวดในชุดว่ายน้ำเพื่อแสดงความอาลัย
21-21274-0.wav	สัปดาห์นี้ใครที่จะวางแผนเดินทางทำกิจกรรมกลางแจ้งสภาพอากาศเป็นอย่างไร
21-21275-27.wav	เป็นเจ้าของร้านเสริมสวยในอำเภอทุ่งใหญ่จังหวัดนครศรีธรรมราช
21-21275-28.wav	ตำรวจได้รับแจ้งเหตุก็เข้าไปตรวจสอบนางสาวยาเนี่ยยืนร้องไห้อยู่ในบ้านเนี่ยนะคะ
21-21280-104.wav	ซึ่งเรื่องนี้เนี่ยนะคะหลังจากที่เมื่อวานนายอัจฉริยะได้มีการแหมทุบโต๊ะปะทะคารมกันกับผู้บริหารโรงพยาบาลแล้วเนี่ย
21-21280-105.wav	ก็ได้เดินทางไปร้องที่กระทรวงสาธารณสุขด้วยนะคะ
21-21281-17.wav	กลางดึกถึงจังหวัดนครราชสีมาเลยทีเดียวค่ะ
21-21282-57.wav	ก็เดินทางมาที่เกิดเหตุแล้วบอกกับทีมข่าวแบบนี้
21-21283-16.wav	ออกมาขับรับส่งประชาชนที่ตั้งใจเดินทาง
21-21283-44.wav	ให้กับประชาชนที่เดินทางมาจากทั่วทุกสารทิศ
21-21286-3.wav	แถมกับมีอาหารแปรรูปพร้อมกับสร้างบรรยากาศน่าท่องเที่ยวด้วย
21-21286-46.wav	ที่เป็นภูมิปัญญาความอร่อยของชาวบ้านสาขาจังหวัดสมุทรปราการค่ะ
21-21287-15.wav	นางสาวเอก็แนะนำให้ไปเปิดบัญชี
21-21287-21.wav	กระทั่งสามีของนางสาวเอเสียชีวิตเมื่อเดือนตุลาคมปีที่แล้ว
21-21287-37.wav	ก็ไปติดต่อที่นางสาวเอบอกรับปาก
21-21288-21.wav	โซนจีนที่อำเภอปลวกแดงจังหวัดระยองนะคะ
21-21289-63.wav	รองผู้บังคับการตำรวจภูธรจังหวัดสงขลาครับ
21-21291-16.wav	เมื่อวานนี้ไปไหว้สารหลักเมืองที่จังหวัดนครศรีธรรมราชนะคะ
21-21291-22.wav	ก็คือตำรวจนายผู้ใหญ่ยังไปล้อมหน้าล้อมหนังเพียบแบบนี้นะคะ
21-21291-7.wav	ตำแหน่งที่ปรึกษาประจำสำนักนายกรัฐมนตรี
21-21292-256.wav	แล้วก็จังหวัดปราจีนบุรีกำลังตรวจสอบอย่างใกล้ชิดค่ะ
21-21292-341.wav	ซึ่งเอาเป็นว่าใครที่อยู่ในพื้นที่ที่คิดว่าน่าจะเป็นเส้นทางการเดินทาง
21-21292-367.wav	ก็เอาไปเช็คอีกอย่างเงี้ยอืมคือตอนเนี้ยปรากฏมันเดินทางไปหลายที่เหลือเกิน
21-21292-636.wav	คือเรื่องนี้ก็มีการเดินทางไปที่วัดบางกระดานะคะ
21-21292-648.wav	แล้วตัวของลูกชายเขาเองก็เดินทางมาจากจันทบุรีนะคะไปดูอาการ
21-21293-3.wav	ที่จังหวัดเชียงใหม่นะครับแล้วก็ได้ประกันไปในวงเงินหนึ่งแสนบาทครับ
21-21294-71.wav	กฎหมายผังเมืองมีทุกจังหวัดทั่วประเทศ
21-21296-4.wav	เสียงเพลงชาติไทยที่ดังกึกกล้องภายในโรงเรียนไทยรัฐวิทยา1จังหวัดลพบุรี
21-21297-2.wav	เกิดแรงระเบิดขึ้นในพื้นที่อำเภอหัวหินจังหวัดประจวบคีรีขันธ์
21-21297-30.wav	เพื่อที่จะเดินทางตามปกติค่ะ
21-21297-44.wav	เมืองหัวหินวันนี้ยังคงมีนักท่องเที่ยวเดินทางไปตากอากาศและพักผ่อนหย่อนใจ
21-21297-46.wav	ชาวบ้านที่นี่ยังต้อนรับนักท่องเที่ยวที่จะเดินทางไปชมเสน่ห์ของสถานที่ที่ขึ้นชื่อว่าเป็นเมืองตากอากาศของผู้ดีเก่า
21-21298-380.wav	คือในแอปพลิเคชันมันจะบอกแหละว่าเดินทางระยะเท่านี้
21-21298-569.wav	แต่ว่าระหว่างเดินทางกลับเนี่ยถูกรถหกล้อนะคะ
21-21298-716.wav	วันนี้เราจะยกคนความมันไปที่จังหวัดราชบุรี
21-21300-28.wav	จังหวัดเมียวดีที่พม่า
21-21300-34.wav	ก่อนที่จะรีบนำตัวส่งโรงพยาบาลพบพระจังหวัดตาก
21-21300-8.wav	มี31จังหวัดด้วยกันนับรวมแล้วตอนนี้
21-21301-3.wav	คือถูกคลื่นซัดกลางทะเลที่จังหวัดกระบี่
21-21302-16.wav	โอ้โหก็เวลานางชอบแกล้งอย่างนี้ให้ดูหน้าดูหลังนี่แหละ
21-21305-8.wav	กับการเดินทางไปแคมปิ้งการเดินทางไปคาราวาน
21-21313-38.wav	จะเดินทางมาติดต่อเพื่อขอรับศพถ้ามีความคืบหน้าเพิ่มเติมอื่นใด
21-21313-3.wav	ซึ่งเหตุการณ์ดังกล่าวทำให้มีผู้เสียชีวิตด้วยนะครับวันนี้ผมเดินทางมาติดตามความคืบหน้าที่สถาบันนิติเวชวิทยาโรงพยาบาลตำรวจครับ
21-21314-111.wav	เพราะว่ามันมีข่าวลือหนักมากว่าตอนนี้หัวใจของนางเนี่ย
21-21314-42.wav	ล่าสุดนางผุดโปรเจกต์รีสอร์ทสุดหรูบนเกาะล้าน
21-21316-26.wav	นางสาวแสงโสมนะฮะอายุ33ปีเป็นลูกสาวคนเล็ก
21-21317-106.wav	ช่วงบ่ายที่ผ่านมาหลังจากมีข่าวว่านายเหลิมเนี่ยนะ
21-21317-110.wav	เจอกับพี่ชายของนายเหลิมนะฮะซึ่งเขาก็มาเหมือนกัน
21-21317-111.wav	พี่ชายบอกว่าก็รู้ว่าน้องชายมามอบตัวก็เลยเดินทางมานะครับ
21-21317-117.wav	ก็ไปที่โรงพักเพราะรู้ว่านายเฉลิมไปมอบตัวก็เลยไปนะคะ
21-21317-12.wav	พอเมาพูดจาไม่เข้าหูกันผิดใจกันตัวนายเฉลิมเนี่ย
21-21317-136.wav	ไม่อยากจะให้นายเฉลิมเนี่ยหลุดคดีนี้นะ
21-21317-156.wav	เอาคุมได้แล้วนะฮะใช่ค่ะนายถนอมศักดิ์อ่ะนะคะ
21-21317-162.wav	พอได้ทั้งคู่แล้วตำรวจก็เลยบอกว่าแจ้งข้อหาทั้งนายเฉลิมและในเหลือ
21-21317-19.wav	หรือว่านายเฉลิมเนี่ยนะมีคนให้ข้อมูลมาว่า
21-21317-27.wav	ทีมข่าวของเราตรวจสอบเรื่องนี้ก็คือย้อนกลับไปที่บ้านของนายเฉลิมอีกรอบหนึ่ง
21-21317-42.wav	พอตื่นเช้ามามีคนมาบอกว่านายเฉลิมยิงคนตาย
21-21317-43.wav	เขาก็ตกใจมากพ่อของนายเฉลิมติดต่อมา
21-21317-48.wav	จากนั้นค่ะก็รู้มาว่านายเฉลิมก็ถูกตำรวจจับ
21-21317-78.wav	ก็ครบแล้วอ่ะชั่วโมงหนึ่งนะฮะแต่นายเฉลิมบอกว่าไม่ยอมครับ
21-21317-84.wav	ผู้จัดการวงดนตรีนะที่ชื่อนายเชิงชายค้าเจริญดีกับแดนเซอร์ของวงอีก1คนเสียชีวิตไป2ศพแล้วก็หลบหนีไป
21-21318-19.wav	ศักดีเป็นชาวบางใหญ่จังหวัดนนทบุรีมาถวายแก้บนหลวงพ่อสมหวังฮะ
21-21318-3.wav	ที่หลวงพ่อสมหวังที่จังหวัดนครปฐมนะครับ
21-21319-4.wav	แล้วก็นายศักดิ์ชายตันเจริญหรือว่ามดเล็กครับ
21-21321-35.wav	และประชาชนจำนวนมากที่เดินทางไปรับเสด็จในวันนั้น
21-21326-222.wav	สามารถมาได้เลยนะคะหรือว่าถ้าในวันนี้ใครที่ไม่สะดวกเดินทางค่ะ
21-21328-3.wav	เขาก็นำคณะสื่อมวลชนลงพื้นที่ไปที่จังหวัดภูเก็ตไปที่กะรน
21-21329-68.wav	พร้อมเสนอมาตรการรองรับการเดินทางก่อน
21-21329-90.wav	พร้อมขอให้ลดเวลาจัดงานของจังหวัดต่างในช่วงหลังเที่ยงคืน
21-21331-0.wav	ในอำเภอปรานบุรีจังหวัดประจวบคีรีขันธ์นะครับ
21-21333-0.wav	ส่วนที่จังหวัดเพชรบูรณ์ตอนนี้เนี่ยนะคะมีแก๊งมิจฉาชีพเล่นใหญ่ตั้งตัว
21-21333-20.wav	ก็พบกับนายเอนามสมมุตินะคะอันนี้เป็นน้องของผู้ที่ถูกอ้างว่าไปกู้เงินมา
21-21335-361.wav	คุณผู้ชมคะคืออันนี้นะคะสรุปว่าเจ้าที่ตำรวจมี2นาย
21-21335-437.wav	เพราะว่าส่วนหนึ่งเนี่ยผมเวลาไปประชุมจังหวัด
21-21335-630.wav	มีอีก3นายมารวมถึงสารวัตรด้วยนะคะ
21-21337-108.wav	สามารถมาได้ที่วัดนางสาวอำเภอกระทุ่มแบน
21-21337-109.wav	จังหวัดสมุทรสาครแห่งนี้ครับ
21-21337-20.wav	อยากทราบว่าวัดนางสาวชื่อเนี่ยแปลกมากเลยฮะ
21-21337-9.wav	อำเภอกระทุ่มแบนจังหวัดสมุทรสาครนั่นเองครับ
21-21338-3.wav	ซึ่งเจ้าหน้าที่กลุ่มงานเก็บกู้และตรวจพิสูจนวัตถุระเบิดกองกำกับการสืบสวนภูธรจังหวัดจันทบุรี
21-21339-44.wav	เดินทางโดยปลอดภัยแล้วก็เดือดร้อนน้อยที่สุดนะคะ
21-21340-11.wav	ที่โรงพยาบาลแห่งหนึ่งในจังหวัดสมุทรสาคร
21-21340-17.wav	โรงพยาบาลในจังหวัดปทุมธานีและเสียชีวิต
21-21340-31.wav	สาธารณสุขจังหวัดประสานญาติผู้เสียชีวิต
21-21340-39.wav	ท่านเป็นนายแพทย์สาธารณสุขจังหวัดสมุทรสาคร
21-21346-20.wav	ทีนี้พอนายโอเห็นตำรวจมาเคาะเรียกหน้าห้องนะคะ
21-21346-30.wav	เอาล่ะตำรวจก็เลยแจ้งข้อหาชิงทรัพย์นะคะไปตรวจสอบประวัติเนี่ยพบว่านายโอเนี่ยเคยโดนคดียาเสพติดมาก่อน
21-21347-0.wav	น้ำพริกแม่เฉลาที่จังหวัดกำแพงเพชรขายดิบขายดีก็บอกว่าสร้างรายได้หลักล้านต่อเดือน
21-21349-55.wav	ซึ่งนายสุเทพยังได้กล่าวถึงการที่พลเอกประยุทธ์
21-21349-67.wav	ส่วนที่พลเอกประยุทธ์ปฏิเสธร่วมเวทีดีเบตนายสุวิทย์บอกว่า
21-21350-334.wav	นายกลีเซียนลุงได้ชื่อว่าเป็นผู้นำได้ชื่อว่าเป็นผู้นำนะครับ
21-21350-59.wav	ท่านประธานครับเด็ก4เดือนฮะที่จังหวัดน่านบ้านผมเนี่ย
21-21350-707.wav	จังหวัดได้ตั้งศูนย์กักกันผู้ติดเชื้อเพื่อกระจายราย
21-21350-877.wav	นายพลังด่าดีไหมครับ
21-21351-21.wav	เป็นบ้านหลังหนึ่งนะครับตรวจสอบแล้วเป็นบ้านของนางทองเลื่อนปรุงแก้ว
21-21353-2.wav	ต้องใช้คำนี้เลยคำว่ารวบคาจังหวัดนครราชสีมาเลยคุณผู้ชมค่ะ
21-21355-19.wav	นายสมชัยอายุ53ปีตอนที่เจ้าหน้าที่เขาไปงมมานะ
21-21355-32.wav	ส่วนเมียของผู้ตายบ้างค่ะคือนางนิดดาแจ่มใส
21-21357-40.wav	เชียงใหม่ค่ะพี่เบิร์ตอำเภอเมืองจังหวัดเชียงใหม่ค่ะ
21-21358-650.wav	เขามีเรื่องเล่าสืบต่อกันมาค่ะว่าสมัยก่อนกองทัพพม่าได้เดินทางมาถึงตรงนี้ในช่วงรุ่งเช้า
21-21358-653.wav	ที่มาของชื่ออำเภอสว่างอารมณ์กองทัพพม่าเดินทางมาอำเภอสว่างอารมณ์
21-21358-669.wav	คุณผู้ชมครับกองทัพพม่าเขาเดินทางมาที่อำเภอสว่างอารมณ์
21-21358-777.wav	คุณวาสนาจากจังหวัดนครราชสีมาครับ
21-21359-33.wav	นายยิ่งบอกว่าปกติมาหาของป่าแถวนี้เป็นประจำอยู่แล้วก็เลยรู้เส้นทาง
21-21359-54.wav	อืมนี่หลังจากถูกตำรวจจับนายยันอืม
21-21359-60.wav	ได้คุยกับอดีตภรรยาของนายยอดที่ปัจจุบันก็คือ
21-21362-33.wav	หลายคนก็อาจจะวางแผนไปท่องเที่ยวนะคะ
21-21364-24.wav	เจ้าของบ้านคือนายจตุพรอายุ34ปี
21-21364-30.wav	ส่วนนายเบียร์เป็นเพื่อนที่มาขออาศัยอยู่บ้านนี้
21-21364-44.wav	ปรากฏว่านายเบียร์ที่บอกว่าปืนลั่น
21-21364-48.wav	แล้วก็ตำรวจสืบสวนสภ.บางบานคุมตัวนายเบียร์บัวขาวอายุ29ปี
21-21365-6.wav	สมัยเป็นเด็กนักเรียนเคยนั่งรถทัวร์จากบ้านจังหวัดร้อยเอ็ด
21-21365-7.wav	ไปดูวงระเบียบวาธศิลป์ถึงจังหวัดยโสธร
21-21366-1.wav	เขาบอกว่าเป็นเจ้าแรกของจังหวัดปราจีนบุรีอร่อยพูนชามลูกค้าแน่นร้านทุกวัน
21-21369-25.wav	ก็มีเจ้าหน้าที่เดินทางมารับที่บริเวณกุฏิเจ้าอาวาสค่ะ
21-21370-0.wav	ให้คุณผู้ชมดูคลิปเหตุการณ์นี้นะคะมีคนเห็นเหตุการณ์แล้วก็ถ่ายภาพเอาไว้ได้เหตุการณ์ที่อำเภอท่าบ่อจังหวัดหนองคายผู้หญิงอายุสิบหกเท่านั้นนะคะถูกแฟนหนุ่มทำร้ายร่างกายคือจิกหัวกระชากแล้วทำร้ายร่างกายแบบ
21-21370-11.wav	ลูกสาวกับผู้ชายคนนี้เขากลับมาจากทำงานที่จังหวัดแพร่
21-21373-126.wav	จากนั้นอีก10นาทีนายอภิชาติเดินเข้ามาในร้าน
21-21373-133.wav	นายอภิชาติทำอะไรจนนายอภิชาติอาศัยช่วงที่เธอไม่ทันระวังตัว
21-21373-233.wav	นายอภิชาติบุญเรืองอายุ42ปี
21-21373-47.wav	เอาของเขาไปเนี่ยเขาร้องไห้แล้วก็เนี่ยเหมือนจะเข้าไปทำร้ายนายอภิชาติด้วยนะคะ
21-21373-74.wav	เป็นร้านขายอุปกรณ์การเกษตรจังหวัดปทุมธานี
21-21373-88.wav	ให้สามีก็คือนายอภิชาติย้อนกลับมาที่ร้าน
21-21376-0.wav	สำหรับเหตุการณ์เรือล่มในแม่น้ำป่าศักดิ์ช่วงที่ไหลผ่านจังหวัดเพชรบูรณ์
21-21376-9.wav	คือนายพิทยาไข่ทองอายุ17ปี
21-21377-25.wav	ลักษณะแบบนี้นะครับแล้วนายอุดมตัวสามีเนี่ยเชื่อว่าเมียน่าจะถูกงูกัด
21-21378-113.wav	สิ่งที่จะมาควบคู่กับประชาชนที่จะเดินทางมา
21-21378-296.wav	แล้วก็วันนี้ค่ะได้เห็นว่าประชาชนเดินทางมาเป็นจำนวนมาก
21-21378-297.wav	สัปดาห์หน้า1213ก็จะเดินทางมาเป็นจำนวนมากอีก
21-21378-2.wav	วันนี้จะมาให้ข้อมูลเพิ่มเติมเกี่ยวกับประชาชนที่จะเดินทางมา
21-21378-300.wav	ที่จะเดินทางมาบริเวณท้องสนามหลวงแล้วก็พระบรมมหาราชวังค่ะ
21-21378-69.wav	ผู้บัญชาการทหารบกมีแนวคิดที่จะทำโรงทานให้กับผู้ที่เดินทางมา
21-21378-80.wav	ประมาณสามพันคนหลายจังหวัดภาคอีสานก็จะมาพักเดินทางตั้งแต่ออกจากบ้านไม่มีค่าใช้จ่าย
21-21378-81.wav	อ่ามีรถรับส่งให้เรียบร้อยอย่างมุกดาหารเมื่อสักครู่ผมทราบว่ารองผู้ว่าการจังหวัดเขานำทีมมาเอง
21-21380-0.wav	คุณผู้ชมไปดูเรื่องราวนี้เกิดขึ้นที่จังหวัดอำนาจเจริญนะคะ
21-21380-15.wav	นายระพินแสนเริงอายุ49ปีหายตัวไปอย่างไร้ร่องรอย
21-21380-19.wav	เจอเพียงรถจักรยานยนต์ของนายระพินจอดไว้ข้างทาง
21-21380-27.wav	จากจังหวัดมหาสารคามมาที่อำนาจเจริญซึ่งเป็นพระอาจารย์
21-21380-28.wav	ที่เคยเป็นพระอาจารย์ของนายระพินตอนนั้นที่ไปบวช
21-21380-31.wav	นายระพินไปล่วงเกินเจ้าปู่ซึ่งดูแลปกป้องสถานที่แห่งนี้
21-21380-38.wav	และสุดท้ายจะยอมปล่อยตัวนายระพินกลับคืนมาอย่างปลอดภัยนะคะ
21-21380-40.wav	เป็นภรรยาของนายระพินเป็นผู้สูญหายบอกว่าหลังจากที่สามีหายตัวไป
21-21380-51.wav	ถ้าเกิดว่าพบเห็นนายระพินเมื่อสักครู่เราขึ้นรูปให้เห็นแบบชัดเจนแล้ว
21-21380-55.wav	เจ้าปู่จะปล่อยนายระพินผู้สูญหายกลับมาอย่างปลอดภัยนะคะ
21-21381-0.wav	เอาล่ะคุณผู้ชมมาดูที่อำเภอศรีมหาโพธิจังหวัดปลาจีนบุรีหน่อยนะคะ
21-21381-1.wav	ผู้ชายคนหนึ่งอายุ48ปีเขาเดินทางกลับมาจากพื้นที่เสี่ยงสูงสุด
21-21383-1.wav	เป็นการแข่งขันเรือยาวชิงถ้วยพระราชทานในจังหวัดชัยนาทนะคะ
21-21391-8.wav	ร้านนี้อยู่บริเวณถนนราชวงศ์อำเภอเมืองจังหวัดพะเยา
21-21392-118.wav	แล้วก็มีลมแรงในหลายจังหวัดครับ
21-21392-185.wav	รองผู้บังคับการตำรวจภูธรจังหวัดพังงานี่รองนะท่านรองมาเองเลยนะ
21-21392-201.wav	พาไปที่จังหวัดภูเก็ตเมืองท่องเที่ยว
21-21392-49.wav	เป็นชาวจังหวัดสตูลเกิดเมื่อปีพุทธศักราช2485เป็นที่รู้จักกันมาตั้งแต่ในตอนที่เล่นตลกกับ
21-21392-71.wav	โดยตอนนี้เนี่ยทางเขื่อนเจ้าพญาจังหวัดชัยนาทเขาก็อัปเดตข้อมูลในเรื่องของการปล่อยน้ำออกมาแล้วค่ะ
21-21392-74.wav	ระดับน้ำในเขื่อนเจ้าพระยาที่อำเภอสัพยาจังหวัดชัยนาทเนี่ยนะคะตอนนี้น้ำไหลลงสู่เขื่อนเจ้าพระยาผ่านจุดวัดน้ำค่ายจิรประวัติจังหวัดนครสวรรค์เพิ่มขึ้นต่อเนื่องนะคะ
21-21392-93.wav	แล้วก็ไปมอบถุงยังชีพให้กับพี่น้องประชาชนที่จังหวัดพระนครศรีอยุธยา
21-21393-8.wav	ในพื้นที่ตำบลดอนยางจังหวัดเพชรชบุรีนะคะ
21-21394-37.wav	อำเภอเมืองจังหวัดลพบุรีพร้อมกับรถคันนี้เลยค่ะ
21-21395-10.wav	แล้วก็เจ้าหน้าที่ฝ่ายปกครองอำเภอครองหลวงสัก50กว่านายครับ
21-21396-9.wav	ที่จังหวัดตราดสาวพาส่องเลขเด็ด
21-21397-0.wav	ไปดูอุบัติเหตุเกิดขึ้นที่จังหวัดนครนายกนะคะรถไฟชนกับรถกระบะ
21-21397-12.wav	ตำบลท่าเรืออำเภอปากพลีจังหวัดนครนายก
21-21397-6.wav	เป็นชาวจังหวัดศรีสะเกษได้รับบาดเจ็บสาหัสแขนหักลำตัวงอ
21-21397-8.wav	ชื่อว่านายธีรยุทธ์แก้วละมุนอายุ28ปีนะคะ
21-21398-34.wav	ตำรวจบอกว่านางสาวเรคนก่อเหตุเนี่ย
21-21398-36.wav	เพราะได้ยินนางสาวหนึ่งคนเจ็บไปพูดกับคนอื่น
21-21398-41.wav	เดี๋ยวเตรียมจะแจ้งข้อหากับนางสาวเรก็คือทำร้ายร่างกาย
21-21398-66.wav	บอกทีมข่าวไทยรัฐทีวีได้นะครับส่วนคนเจ็บนางสาวหนึ่ง
21-21398-6.wav	นี่เป็นจุดในครัวนะครับเป็นร้านอาหารแห่งหนึ่งในปั๊มน้ำมันที่จังหวัดพิษณุโลก
21-21405-16.wav	ผู้ตายก็คือนางลำไพรโควัฒนกุลอายุ41ปี
21-21408-17.wav	รองผู้บัญชาการตำรวจสอบสวนกลางบอกว่าคือเนื่องจากมีการแพร่ระบาดของกาแฟปลอมในหลายจังหวัดนะคะ
21-21408-6.wav	อำเภอลาดหลุมแก้วจังหวัดปทุมธานี
21-21409-18.wav	เขาก็เดินทางมาเปิดใจกับบันเทิงไทยรัฐนะเกี่ยวกับเรื่องราวความรักของทั้งคู่ด้วย
21-21410-25.wav	นายชายนายชายในนามสมมุตินะ
21-21410-33.wav	โดยนายสุริยาหางคิ้วแตก
21-21410-19.wav	ก็สอบถามนายสุริยาอยู่บำรุงอายุ25ปี
21-21410-36.wav	บอกว่านายชายคนขับรถกระบะส่งของ
21-21410-50.wav	นายสุริยาบอกว่าหากเป็นอยู่แบบนี้คุณ
21-21411-105.wav	ก็เลยคิดว่าเป็นเรื่องนี้นายบอยอ้างแบบนี้นะคะ
21-21411-10.wav	นายธวัชชัยงอกคำอายุ26ปีหรือนายบอย
21-21411-11.wav	2คนนี้เป็นผู้ต้องหาก่อเหตุข่มขืนเด็กหญิงอายุ14ปีในจังหวัดชัยภูมิ
21-21411-131.wav	ทีมข่าวของเราก็เลยไปที่บ้านพักเด็กและครอบครัวจังหวัดชัยภูมินะคะ
21-21411-132.wav	ไปคุยกับนางสาวสุชีวาบุญกอง
21-21411-133.wav	เจ้าหน้าที่บ้านพักเด็กและครอบครัวจังหวัดชัยภูมิ
21-21411-7.wav	เหตุการณ์นี้เกิดขึ้นที่จังหวัดชัยภูมิแต่พอทั้งสองคนไปมอบตัวเขาบอกว่าเขาไม่ได้ข่มขืน
21-21419-23.wav	คนตายน่าจะชื่อนางสาวกุ๊กกิ๊กอายุ22ปี
21-21419-28.wav	พร้อมกับล็อกกุญแจไว้ทำให้นางสาวกุ๊กกิ๊กขาดอากาศหายใจ
21-21419-31.wav	สิ่งที่นายเฉลิมชนให้การกับตำรวจขัดแย้งกับนายไอซ์โดยบอกว่า
21-21419-42.wav	จากคดีนี้นายไอซ์ต้องติดคุก
21-21419-50.wav	แต่หลังจากพ้นโทษนายเฉลิมชัย
21-21419-73.wav	ก็คือนางสาวกุ๊กกิ๊ก
21-21419-8.wav	ชายคนนี้คือนายอภิชัยหรือไอซ์องค์วิสิต
21-21420-15.wav	ภรรยาของคนเจ็บนะฮะคือนางดอกแก้วนะครับบอกถึงปมเหตุว่าทั้งสองคนคือบุญชมสามีของเธอกับเกษมหลานของเธอ
21-21420-28.wav	หลานสาวของคนเจ็บนะฮะหลานสาวของนายบุญชมเนี่ยบอกว่าไอ้ที่ดินปัญหาเนี่ย
21-21420-30.wav	คือก่อนหน้านี้รุนแรงถึงขั้นที่นายเกษมผู้ก่อเหตุเนี่ย
21-21420-31.wav	เคยเอามีดเนี่ยฟันนายบุญชมจนนิ้วเกือบขาดมาแล้ว
21-21420-35.wav	เพราะกลัวว่านายเกษมจะย้อนมาก่อเหตุฆ่าคนในครอบครัวคนเจ็บ
21-21420-37.wav	อาการของนายบุญชมตอนนี้หมอบอกว่าพ้นขีดอันตรายแล้ว
21-21420-5.wav	มีจักรยานยนต์ของนายบุญชมเนี่ยล้มคว่ำอยู่ด้วยนะครับก็ถูกนำตัวส่งโรงพยาบาล
21-21420-6.wav	จากการสอบสวนทราบว่าก่อนเกิดเหตุนายบุญชมคนเจ็บขี่จักรยานยนต์จะไปเก็บเงินนะฮะ
21-21420-7.wav	เป็นเงินออมวันละบาทที่ชุมชนบัวขาวระหว่างทางเนี่ยไปเจอกับนายเกษมภารีนนท์
21-21421-25.wav	เช้าที่ผ่านมามือยิงครับคือนายตั้มหรือว่านายวิเศษ
21-21422-17.wav	ซึ่งก็เรียกตัวนายสามารถเจ้าของร้านที่เกิดเหตุมาสอบปากคำอีกรอบนึง
21-21424-11.wav	ผู้บังคับการตำรวจภูธรจังหวัดอุดรธานีนำรถจักรยานยนต์คันนี้
21-21424-23.wav	แล้วก็เอาเอกสารใต้เบาะอ้าวไปพบชื่อของนายนคร
21-21424-31.wav	อยากจะขอบคุณตำรวจทุกนายที่ใส่ใจดูแลและนำรถมาคืนให้ถึงบ้าน
21-21425-125.wav	ช่วงนี้นางยุ่งอยู่นางถ่ายละครอยู่
21-21425-246.wav	เขาก็เดินทางไปแจ้งความว่ากาโตะไปพูดแบบนี้ต่าง
21-21425-470.wav	หน้าวัดแห่งหนึ่งที่จังหวัดพิษณุโลกครับ
21-21425-688.wav	พร้อมกับนั่งจับกลุ่มคุยกันนะครับถึงการตายของนายวิชาณว่า
21-21425-689.wav	หลังจากนายวิชาญผูกคอตายไปแล้วเพียงข้ามคืนเดียวเนี่ย
21-21426-7.wav	นายนิพนธ์บุญยามณีนายกองค์การบริหารส่วนจังหวัดสงขลาค่ะ
21-21429-16.wav	ผมยืนยันนะครับวันนี้ก็เริ่มดำเนินการเปิดไปแล้วที่ภูเก็ตแซนบล็อกแล้วก็จะมีการขยายไปยังจังหวัดต่างโดยรอบ
21-21429-289.wav	ผมพูดไปแล้วนะครับ3ประเทศแม้ว่ารายได้ของท่องเที่ยวจากของประเทศไทยในปี63
21-21431-26.wav	ยืนยันว่าจะอยู่เคียงข้างนายพิธาเพื่อรักษาประชาธิปไตยที่มาจากประชาชน
21-21431-34.wav	แต่เมื่อได้ฟังเหตุผลของนายพิธาแล้วก็เห็นด้วยในการแก้ไข
21-21431-36.wav	มาเป็นเงื่อนไขในการโหวตไม่เห็นชอบให้นายพิธาเป็นนายก
21-21434-120.wav	อำเภอเดียวครับในจังหวัดขอนแก่นหน้าถัดไปครับ
21-21437-0.wav	เรามาดูเหตุสลดที่เกิดขึ้นที่จังหวัดสุรินทร์กันก่อน
21-21437-35.wav	ขณะที่นางสาวจีราพรโสรจันทร์อายุ20ปีภรรยาผู้ตาย
21-21437-37.wav	หลังจากที่เดินทางมาจากบ้านพ่อของตัวเองเพื่อมาดูลูกแต่เช้า
21-21437-73.wav	ให้กับนางสาวจีราพรผู้เป็นแม่
21-21437-75.wav	ส่วนศพของนายสมชายได้ตั้งบำเพ็ญกุศลไว้
21-21437-77.wav	โดยมีชาวบ้านทยอยเดินทางมาร่วมงานศพ
21-21438-7.wav	บอกว่าหลังจากที่ไปสั่งสมประสบการณ์จากการเดินทางไปใช้ชีวิตในหลายประเทศทั่วโลก
21-21440-1.wav	แม่บ้านโฮมสเตย์แห่งหนึ่งในจังหวัดจันทบุรี
21-21440-57.wav	ตอนนี้ยังติดธุระและจะเดินทางมาให้ปากคำกับตำรวจภายในวันนี้
21-21441-12.wav	โดยนางสาวเอเด็กหญิงอายุ15ปี
21-21441-31.wav	ส่วนยายของน้องคนนี้ก็คือนางลีอายุ63ปีนะฮะ
21-21441-59.wav	ก็คือมีการนำตัวของนายอนุพงศ์จันทศรี
21-21445-0.wav	ส่วนช่วงนี้มาดูเหตุการณ์ความไม่สงบในพื้นที่จังหวัดภาคใต้กันหน่อยนะคะ
21-21445-13.wav	ในพื้นที่จังหวัดยะลาตำรวจภูธรกาบัง
21-21445-28.wav	ส่งผลให้เจ้าหน้าที่ได้รับบาดเจ็บสาหัส2นาย
21-21445-3.wav	ในพื้นที่จังหวัดยะลาปัตตานีและสงขลา
21-21447-17.wav	พอช่วงที่เข้าเขตจังหวัดกำแพงเพชรรถทัวร์ได้จอดแวะรับประทานอาหารนะคะ
21-21450-30.wav	คือนายสุวัสดิ์อายุ39ปีเล่าให้ฟัง
21-21456-29.wav	ถึงกรณีที่มีการนำปฏิทินของนางสาวยิ่งลักษณ์แล้วก็นายทักษิณนะคะ
21-21456-35.wav	ซึ่งนายดอนบอกว่าส่วนตัวไม่เห็นด้วยค่ะ
21-21459-28.wav	นายเจยี่หนึ่งในผู้ต้องหาเล่าให้ฟังแบบนี้นะคะ
21-21459-29.wav	วันเกิดเหตุเนี่ยตั้งวงกินเหล้ากันอยู่กับนายอาชิงนายซานตี้กินเหล้ากัน3คน
21-21459-42.wav	ทางครอบครัวของผู้ตายก็ติดต่อรับศพนายเฉินยี่ไห่อายุ51ปีคนนี้ค่ะ
21-21459-51.wav	ภรรยาของในเฉินนางวิไลพรเล่าทั้งน้ำตาเลยค่ะ
21-21460-20.wav	บอกว่าวันนี้ได้เดินทางไปที่สน.สถานีตำรวจภูธร
21-21462-16.wav	ช่วงนี้นะคะก็มีนักท่องเที่ยวเดินทางมาชมความงามกันเยอะมาก
21-21462-44.wav	แพะเมืองผีที่จังหวัดแพร่
21-21466-60.wav	คือนายจิตชัยเนี่ยเขาบอกกับเรานะครับบอกว่าปกติเนี่ยเป็นคนที่มีลักษณะนิสัยชอบกินของดิบอยู่แล้ว
21-21466-97.wav	อ้าวนี่ฮะนายจิตชัยหรือว่าหยกลูกหยี
21-21469-16.wav	และบางส่วนก็นำไปจำนำที่จังหวัดพระนครศรีอยุธยาและปทุมธานี
21-21469-20.wav	เชิญตัวนางแมลงนางสาวเชอรี่และเพื่อนคนงานที่บันทึกภาพในวันเกิดเหตุไป
21-21469-24.wav	ทำให้นางแมลงกลัวจึงสารภาพเรื่องทั้งหมด
21-21469-26.wav	นางสาวเชอรี่ฟังแล้วรู้สึกเสียใจ
21-21469-37.wav	ขณะที่เพื่อนบ้านของนางสาวเชอรี่
21-21471-110.wav	ห้ามออกนอกเคหสถานมีจังหวัดอะไรบ้างคุณ
21-21471-124.wav	อันนี้เป็นคำสั่งการขอความร่วมมือของแต่ละจังหวัด
21-21471-128.wav	แต่เชื่อว่าเดี๋ยวหลังจากนี้นะนอกจาก5จังหวัดนี้
21-21471-130.wav	ส่วนรายละเอียดของคำสั่งของแต่ละจังหวัดที่น่าสนใจอีกเรื่องหนึ่ง
21-21471-56.wav	ส่วนใหญ่ก็จะกระจุกตัวอยู่ในพื้นที่6จังหวัดนะครับ
21-21471-57.wav	ซึ่ง6จังหวัดนี้มีผู้ป่วยเป็นจำนวนมากนะครับ
21-21471-71.wav	ดังนั้นใน6จังหวัดที่พบการแพร่ระบาดมาก
21-21471-77.wav	มีจังหวัดไหนบ้างใน6จังหวัดนี้
21-21471-86.wav	ดังนั้นเดี๋ยวเราบอกขอบอก16จังหวัดของพื้นที่สีส้มแล้วกันค่ะคุณผู้ชม
21-21471-88.wav	6จังหวัดมีแพร่พะเยานครพนมตราดสิงห์บุรีอ่างทองชัยนาท
21-21471-95.wav	ตรงนี้จะเป็นกลุ่มจังหวัดที่เยอะที่สุดในประเทศ
21-21471-96.wav	ก็คือ55จังหวัดที่เหลือนั่นเอง
21-21477-116.wav	ในจังหวัดขอนแก่นนั่นเองนะฮะตอนนี้หลายพื้นที่หลายหน่วยงานก็เริ่มมีการให้คนนั้นไปฉีด
21-21477-34.wav	กลุ่มดังกล่าวเขาก็เดินทางถือป้ายประท้วงไปที่
21-21477-70.wav	ก็เดินทางมาตรวจเยี่ยมให้กำลังใจ
21-21477-9.wav	เขาเดินหน้าเดินทางไปที่กระทรวงศึกษาธิการ
21-21478-0.wav	ไปดูเหตุระทึกข้ามจังหวัดค่ะที่บอกว่าข้ามจังหวัดเนี่ยเป็นเหตุการณ์โชเฟอร์ขับรถบรรทุก6ล้อส่งน้ำแข็ง
21-21478-20.wav	สุดท้ายก็จนมุมบริเวณรอยต่อระหว่างจังหวัดเพชรชบูรณ์แล้วก็ลพบุรีนะคะ
21-21478-38.wav	ไปส่งพนักงานโรงพักวิเชียนบุรีจังหวัดเพชรชบูรณ์
21-21478-3.wav	ข้ามไปไกล3จังหวัดแบบนี้
21-21480-65.wav	ครอบครัวก็ได้เดินทางไปที่ปากน้ำนะคะ
21-21480-66.wav	จังหวัดสุปราการเพราะว่าเป็นสถานที่ที่อาต้อยเคยบอกไว้
21-21481-20.wav	ซึ่งเจ้าหน้าที่ก็จัดกำลังตำรวจกว่า430นายในการเดินตรวจตราโดยรอบอย่างเต็มที่
21-21481-36.wav	ฝ่ายตำรวจท่องเที่ยวเองเขาก็มีการจัดศูนย์ช่วยเหลือนักท่องเที่ยวต่างชาติ
21-21486-23.wav	แต่ว่าจะได้รับผลกระทบมากหน่อยก็คือบริเวณจังหวัดชลบุรีระยองจันทบุรีแล้วก็ตราดนะคะ
21-21487-22.wav	แฟนของเธอทำงานที่โรงพยาบาลแห่งหนึ่งในจังหวัดปทุมธานี
21-21488-21.wav	นายอดุลศักดิ์เล่าเหตุการณ์ชอกช้ำใจ
21-21488-13.wav	คือเจ้าของรถคือนายอดุลศักดิ์อายุ35ปี
21-21488-85.wav	แจ้งข้อหาดำเนินคดีกับนายอดุลคนนี้นะฮะตามกฎหมายต่อไป
21-21489-25.wav	แล้วช่วงนั้นนะครับนายประเสริฐ
21-21489-31.wav	นายประเสริฐเขาก็กลัวมีปืนด้วย
21-21489-77.wav	อีกฉบับหนึ่งก็เป็นการแบ่งที่ดินที่จังหวัดพิจิตร
21-21490-0.wav	ทีนี้พาไปที่จังหวัดชลบุรีหน่อยนะคะแหม
21-21491-12.wav	ไปพูดคุยกับนายเสงี่ยมวงชัยนะคะ
21-21496-12.wav	โดยมีญาติของกัปตันเรือเดินทางไปดูศพ
21-21499-4.wav	ที่ตำบลชุมโคอำเภอประทิวจังหวัดชุมพรนะครับไปดูเลย
21-21500-2.wav	เพราะฉะนั้นเราไปปักหมุดกันที่จังหวัดชลบุรีกันค่ะ
21-21501-2.wav	หลายคนวันนี้ไม่ได้ทำงานแล้วใช่ไหมไปเที่ยวท่องเที่ยวกันที่ไหนกันบ้าง
21-21503-24.wav	แล้วก็คนเดินทางถนนเนี่ยเขาจะได้มีความรู้สึกปลอดภัย
21-21504-23.wav	ทางนี้ทางจังหวัดยังคงเฝ้าระวังตามจุดเสี่ยงตลอด24ชั่วโมงต่อไปนะครับ
21-21504-28.wav	และพื้นที่จังหวัดพิษณุโลกได้หยุดตกแล้ว
21-21504-29.wav	ส่งผลให้ระดับน้ำในลำน้ำต่างที่ไหลผ่านจังหวัดพิษณุโลกลดลงเช่นกันครับ
21-21504-26.wav	แล้วก็เตรียมรับมือมวลน้ำเหนือที่กำลังจะไหลมาจากจังหวัดสุโขทัย
21-21504-30.wav	แต่ได้เตรียมการเฝ้าระวังน้ำที่ไหลมาจากจังหวัดสุโขทัยแล้วก็อำเภอพิชัยจังหวัดอุตรดิตถ์
21-21504-40.wav	นายประมวลมาสารเจ้าของบอกว่านั่งดูไก่ตายถูกน้ำท่วมทั้งฟาร์ม8000ตัว
21-21504-4.wav	ส่วนที่จังหวัดนครสวรรค์ซึ่งเป็นจุดรวมแม่น้ำยมแม่น้ำน่าน
21-21504-58.wav	เพิ่มสูงขึ้นอย่างต่อเนื่องหลังเขื่อนเจ้าพระยาจังหวัดชัยนาท
21-21504-69.wav	พร้อมนำเรือแจกจ่ายในการเดินทางนะครับ
21-21504-6.wav	จังหวัดนครสวรรค์นะครับน้ำท่วมขยายวงกว้างเพิ่มขึ้น
21-21505-13.wav	จากนั้นเดินทางต่อไปยังจุด3แยก
21-21505-18.wav	โดยแบ่งหน่วยซิลออกเป็น3ชุดรวม14นาย
21-21505-25.wav	2นาฬิกานักดำน้ำจากต่างประเทศและหน่วยซิลแบ่งทีมกันออกเป็น6ชุดรวม25นาย
21-21505-7.wav	จากนั้นจะเดินทางต่อไปยังจุดสามแยก
21-21509-0.wav	พาไปที่อำเภอบ้านกรวดจังหวัดบุรีรัมย์กันหน่อยค่ะคุณผู้ชม
21-21511-30.wav	ท้องที่ของสภ.บางกรวยจังหวัดนนทบุรีครับ
21-21512-12.wav	ตำรวจปราบปรามยาเสพติดและหน่วยงานที่เกี่ยวข้อง1390นาย
21-21512-13.wav	เปิดแถลงข่าวกันที่ศูนย์ฝึกอบรมตำรวจภูธรภาค1จังหวัดสระบุรี
21-21512-16.wav	เพื่อที่จะขุดรากถอนโคนเครือข่ายของนายชัยวุฒิหรือว่าแม็กทิสเนอร์
21-21512-30.wav	ส่งไปยังจังหวัดต่างเพื่อทำการขายต่อ
21-21512-61.wav	ถูกคนร้ายยิงเสียชีวิตที่จังหวัดลพบุรี
21-21512-63.wav	ส่วนแฝดผู้พี่นายชัยวุฒิอยู่ระหว่างหลบหนี
21-21512-8.wav	เชื่อไหมครับว่ามีตำรวจกี่นายที่เข้าร่วมในงานแถลงข่าวคุณ
21-21512-9.wav	ดูสิพันกว่านายคือเมื่อวานนี้นะครับทางตำรวจ
21-21513-18.wav	ส่วนอาชีพหลักตอนนี้ค่ะก็เป็นการทำนาทำไร่ที่จังหวัดชัยภูมิ
21-21514-95.wav	เอาละฮะก็ท่านเจ้าวาดท่านยืนยันของท่านแบบนี้นะเพราะฉะนั้นเราก็ต้องย้อนกลับไปดูที่ต้นทางหน่อยเราก็ตรวจสอบไปยังสำนักงานเจ้าคณะอำเภอพระประแดงจังหวัดสมุทรปราการนะครับที่กำกับดูแลวัดในสังกัดของพระอ๋อยที่เคยอยู่ที่วัดนั้นนะฮะตอนที่เกิดเหตุได้รับข้อมูลว่าหลังจากเกิดเหตุในช่วงวันนั้น
21-21516-11.wav	โดยนายสำรวยยอดฟ้าอินนะคะบอกว่าคือเรื่องของเรื่องเนี่ย
21-21516-14.wav	คุณนัทพงศ์แล้วก็มีญาติของนายสงัดสายวันเนี่ยค่ะ
21-21518-22.wav	ตอนนั้นกำลังเดินทางไปร่วมงานแต่งงานนะคะ
21-21519-0.wav	กรณีอุ้มฆ่านักศึกษาสาวชาวจีนนางสาวจินซ่านอายุ22ปี
21-21519-129.wav	เดินทางมายังไทยในการรับศพลูกสาวกลับไปประกอบพิธีที่จีน
21-21520-33.wav	นำกำลังมาจับกลุ่มนายอรุณอายุ36ปี
21-21520-36.wav	นายอรุณขัดขืนนะตำรวจบอกว่ามีการเตะมีการถีบมีการขัดขืน
21-21520-38.wav	เป็นพี่ชายของนายอรุณมาเห็นว่าน้องชายเนี่ยกำลังถูกทำร้ายอยู่
21-21520-49.wav	นี่ส่วนนี้คือนายอรุณเสื้อสีแดงนะฮะ
21-21520-77.wav	ตำรวจก็กระจายกำลังปิดล้อมระหว่างนั้นพบนายอรุณ
21-21520-78.wav	แล้วก็ไล่ตะครุบตัวนายอรุณได้ทันก็กดลงพื้นเพื่อใส่กุญแจมือ
21-21520-84.wav	ส่วนนายอรุณเห็นพี่ชายถูกยิงก็วิ่งหลบหนีไป
21-21520-88.wav	ซึ่งได้จากกระเป๋าสะพายของนายอรุณ
21-21523-16.wav	ลดอย่างไรรูปธรรมก็คือกฎหมายพิเศษที่ใช้ใน3จังหวัดภาคใต้
21-21523-41.wav	ข้อสุดท้ายที่จำเป็นต้องทำก็คือเสริมสร้างเศรษฐกิจของ3จังหวัดภาคใต้
21-21523-50.wav	ทำให้3จังหวัดภาคใต้เป็นข้อต่อของเศรษฐกิจ
21-21527-108.wav	ทีนี้ค่ะพอหลังจากปิดประชุมค่ะแก่นำพักภูมิใจไทยนำโดยนายอนุทินชาญวีรกูล
21-21528-0.wav	พาไปดูเรื่องราวที่จังหวัดนครราชสีมานะครับ
21-21528-11.wav	โดยเฉพาะชาวบ้านที่จะเดินทางไปทำงานในต่างประเทศอันนี้สำคัญเขาบอกว่าจะต้องมากราบไหว้ขอพร
21-21529-24.wav	ในที่สุดก็นำลูกเดินทางมามอบตัวกับตำรวจ
21-21529-4.wav	ขาล่องหมู่1ตำบลควนขนุนที่อำเภอเขาชัยสนจังหวัดพัทลุงนะฮะ
21-21532-5.wav	แล้วก็คบกับนายเต้ยนะคะซึ่งเป็นเพื่อนกันสมัยเรียนหนังสือ
21-21534-10.wav	นายตำรวจท่านนี้ก็คือดาบตำรวจมานพสุขโสมนะครับก็ทำงานอยู่ที่สถานีตำรวจภูธรปักทงชัย
21-21534-7.wav	ปักทงชัยจังหวัดนครราชสีมาครับผู้ที่สนใจนะครับ
21-21536-68.wav	ไม่ว่าจะเป็นปีกขวาหรือว่าทางทิศเหนือของดอยนางนอน
21-21536-69.wav	รวมถึงทางปีกซ้ายหรือว่าทางทิศใต้ของดอยนางนอนนะคะ
21-21536-77.wav	ก็เดินทางขึ้นไปเลยนะคะบริเวณดอยผาหมี
21-21538-23.wav	ได้เอาไม้หลักเมืองของจังหวัดนครศรีธรรมราชนะคะ
21-21544-10.wav	ไม่ได้เป็นแค่ไม้ธรรมดาที่ช่วยในการเดินทางอย่างเดียว
21-21544-26.wav	ไม่มีไม้เท้าขาวคนตาบอดก็ไม่สามารถเดินทางใช้ชีวิตอิสระได้
21-21546-13.wav	อยู่กับคุณพ่อที่จังหวัดนครนายก
21-21546-33.wav	จากจังหวัดนครนายกไปหาแม่ที่จังหวัดสตูลเพื่อเซอร์ไพรส์แม่
21-21546-3.wav	พาคุณผู้ชมเดินทางไปที่ปลายทางจังหวัดสตูล
21-21546-7.wav	จากนครนายกไปที่จังหวัดสตูล
21-21548-28.wav	ช่วงเดินทางกลับเนี่ยมันผ่านลพบุรีพอดี
21-21549-19.wav	และอดีตนายตำรวจสันติบาลได้เปิดบ้านแถลงต่อสื่อมวลชนก่อนที่จะเข้ามอบตัวนะคะ
21-21549-36.wav	ขึ้นรถของเจ้าหน้าที่เพื่อเดินทางมาเซ็นรับทราบหมายจับของศาล
21-21549-52.wav	เดินทางไปรับทราบข้อกล่าวหาต่อที่สน.ดอนเมือง
21-21551-16.wav	ที่บ้านรัตนภพตำบลดงใหญ่อำเภอพิมายจังหวัดนครราชสีมา
21-21553-0.wav	ข่าวเย็นไทยรัฐนะคะคุณผู้ชมค่ะกับกรณีเกิดขึ้นในจังหวัดเชียงใหม่ที่พนักงานการไฟฟ้าท่านหนึ่งนะคะขึ้นไปซ่อมหม้อแปลงไฟฟ้าแล้วเกิดระเบิดขึ้นมาสุดท้ายไฟคลอกร่างของเจ้าหน้าที่ท่านนี้นะคะล่าสุดเสียชีวิตลงแล้วเพราะว่าทนพิษบาดแผลไม่ไหว
21-21555-11.wav	ถ้าเอาเรื่องของแก๊งเราไปแฉนะนายตายแน่นายบีนายตายแน่
21-21557-39.wav	ก็คือจุดกำเนิดเดิมของเชียงคานก็คือการไปท่องเที่ยวเมืองเก่า
21-21562-12.wav	โอ้โหได้เดินทางไปสัมผัสความสวยงามของท้องทะเลไทย
21-21562-25.wav	ต่อจากนั้นค่ะพวกเธอก็เดินทางไปยังเกาะหลีเป๊ะ
21-21562-2.wav	นี่เขาไปเก็บตัวกันลงเกาะลงใต้กันไปที่จังหวัดสตูลนะคุณ
21-21562-4.wav	หลังจากเมื่อวานนี้เดินทางมาร่วมกิจกรรม
21-21562-5.wav	เพื่องานประชาสัมพันธ์การท่องเที่ยวทางทะเลที่จังหวัดสตูล
21-21563-2.wav	ของลุงเดี่ยวจากจังหวัดนครสวรรค์นะครับ
21-21563-45.wav	ครอบครัวของลุงเดี่ยวจากจังหวัดนครสวรรค์ตอนนี้นะครับ
21-21563-49.wav	ผมจะเลือกเฉลยข้อต่อไปจากเรื่องจังหวัดนครสวรรค์ครับ
21-21563-51.wav	อำเภอใดในจังหวัดนครสวรรค์มีพื้นที่เล็กที่สุด
21-21564-12.wav	วัยรุ่นที่ถูกทำร้ายร่างกาย2คนคือนายพีชอายุ24ปี
21-21564-13.wav	และนายตูนอายุ24ปีเท่ากัน
21-21564-36.wav	แล้วก็พยายามพูดให้นายพีชกับนายตูน
21-21567-5.wav	มันเกิดขึ้นที่ตลาดพันล้านที่อำเภอสามพรานจังหวัดนครปฐมนะคะ
21-21570-28.wav	ทั้ง2เส้นทางจะรองรับการเดินทางของประชาชน
21-21570-3.wav	ซึ่งก็เป็นการเป็นเส้นทางที่จะเดินทางเข้าสู่กรุงเทพชั้นในค่ะ
21-21571-8.wav	อยู่ที่ตำบลย่านรีอำเภอกบินบุรีจังหวัดปราจีนบุรีนะครับ
21-21573-26.wav	ซึ่งก็แตกต่างกันออกไปคราวนี้เป็นนายรำและนางรำนะครับ
21-21573-4.wav	คุณผู้ชมที่เห็นอยู่เนี่ยนายรำและนางรำ
21-21573-7.wav	บอกกันก่อนที่นี่คือวัดสนามชัยตำบลตลาดหลวงอำเภอเมืองจังหวัดอ่างทอง
21-21573-9.wav	เดินทางมาพร้อมกับนางรำและนายรำ
21-21574-15.wav	ส่วนศพของนายประเสริฐเนี่ยญาติตอนแรกจะติดต่อไปรับศพ
21-21574-18.wav	นายสมชายพันเอกอายุ57ปีซึ่งเป็นพ่อผู้ตาย
21-21574-20.wav	เขาเดินทางไปที่สถาบันนิติวิทยาศาสตร์โรงพยาบาลธรรมศาสตร์เฉลิมพระเกียรติ
21-21574-21.wav	เพื่อขอรับศพของนายประเสริฐพันเอก
21-21574-8.wav	จนถึงขั้นเสียชีวิตแล้วหลังก่อเหตุนายสมชายผู้ก่อเหตุเนี่ย
21-21576-16.wav	นายสุรชัยนามสกุลภูแก้วอายุ38ครับเป็นชาวบ้านในพื้นที่นี่แหละนะครับ
21-21576-57.wav	เรื่องต้นแล้วเนี่ยนะวิเคราะห์ว่านายสุรชัย
21-21577-4.wav	ที่บ้านเลขที่228ทับ1หมู่11ตำบลชัยเกษมอำเภอบางสะพานจังหวัดประจวบคีรีขันธ์
21-21578-70.wav	พร้อมกันนี้ก็ได้ให้ตำรวจท่องเที่ยวเชิญตัวผู้เสียหายมาจากจังหวัดภูเก็ต
21-21580-15.wav	ตำรวจท่องเที่ยวรวมถึงหน่วยงานที่เกี่ยวข้องพาณิชย์จังหวัด
21-21580-36.wav	เพราะว่ามีนักท่องเที่ยวชาวจีนที่เดินทางมาเที่ยวบ้านเรา
21-21580-58.wav	เสียความรู้สึกต่อการเดินทางมาท่องเที่ยว
21-21583-22.wav	ที่จังหวัดขอนแก่นอุบลราชธานีเชียงใหม่นครสวรรค์สงขลา
21-21588-23.wav	ส่วนที่จังหวัดเพชรชบุรีเกิดอุบัติเหตุรถกระบะเสียหลักตกข้างทาง
21-21589-23.wav	ทางสำนักงานสาธารณสุขจังหวัดจันทบุรี
21-21589-2.wav	ทางจังหวัดจันทบุรีค่ะคุณผู้ชมค่ะ
21-21589-34.wav	ทางจังหวัดยังให้ความสำคัญเป็นพิเศษ
21-21589-3.wav	เขาก็สร้างความมั่นใจให้กับผู้ที่ต้องการจะเดินทางไปแสวงบุญนะคะ
21-21589-7.wav	พร้อมคณะแพทย์สาธารณสุขจังหวัด
21-21593-100.wav	แล้วก็เบื้องต้นปล่อยตัวนายสิทธิ์กลับไปก่อน
21-21593-89.wav	และทีนี้กลายเป็นเรื่องใหม่นะคุณนะแม่ก็ยังบอกสงสัยจะเป็นนายสิทธิ์คนเดิมเนี่ย
21-21593-95.wav	แต่นายสิทธิ์ให้การปฏิเสธบอกว่าผมไม่ได้ก่อเหตุ
21-21598-9.wav	ก็จังหวัดเขามีกฎของเขาอยู่ว่าที่เชียงใหม่เนี่ย
21-21599-23.wav	จังหวัดนครสวรรค์ค่ะนะครับทีมข่าวการเมืองของเราก็เกาะติด
21-21601-25.wav	ไปฟังเสียงนางร้ายในตำนานหน่อยค่ะ
21-21603-3.wav	สำหรับเรื่องราวที่เกิดขึ้นซึ่งนายกรัฐมนตรีก็ออกมาบอกว่า
21-21604-164.wav	ทีมข่าวไทยรัฐทีวีที่เราลงพื้นที่จังหวัดภูเก็ตเนี่ย
21-21604-166.wav	ก็ได้เปิดเผยกับเรานะฮะบอกว่าเธอก็เดินทางมาจากบ้านเกิดจังหวัดกาฬสินธุ์เหมือนกับสปายแล้วก็ฟอร์สนั่นแหละ
21-21604-27.wav	เขาเป็นคนกว้างขวางเป็นผู้มีอิทธิพลอยู่ในพื้นที่จังหวัดภูเก็ต
21-21604-4.wav	ยิงจนเสียชีวิตที่เขาชีจันทร์จังหวัดชลบุรี
21-21605-29.wav	เรื่องราวเหล่านี้ไปเกิดขึ้นที่จังหวัดเชียงราย
21-21605-321.wav	ในจังหวัดสระบุรี
21-21605-630.wav	แล้วก็เขาก็บอกว่านางเคลียร์ทุกคำถามเลยล่ะ
21-21605-786.wav	เพราะเด็กเขาเล่าว่านางขอมีอะไรด้วย
21-21606-1.wav	เจ้าหน้าที่ฝ่ายปกครองของจังหวัดมหาสารคามค่ะ
21-21606-32.wav	พอไปพบกับนายเอกพันธ์เจ้าหนี้นอกระบบ
21-21606-35.wav	นายเอกพันธ์เจ้าหนี้เงินกู้นอกระบบยอมรับนะคะว่า
21-21606-53.wav	เจ้าหน้าที่ก็เลยนำตัวนายเอกพันธ์
21-21608-12.wav	ในพื้นที่อำเภอทับสะแกจังหวัดประจวบคีรีขันธ์นะคะรถพังเสียหาย
21-21610-18.wav	ที่ปรากฏรูปภาพและลายเซ็นต์ของนายทักษิณและนางสาวยิ่งลักษณ์ว่า
21-21610-47.wav	ก็ยังคงนำปฏิทินนายทักษิณและนางสาวยิ่งลักษณ์จำนวนกว่า500ใบ
21-21611-0.wav	ไปที่จังหวัดจันทบุรีกันหน่อยนะคะ
21-21611-14.wav	หลังจากที่นายชนะปีนขึ้นไปตัดแต่งกิ่งของต้นยางพารา
21-21611-18.wav	ตัดกระแสไฟฟ้าแล้วก็ไปให้การช่วยเหลือนายชนะนะคะ
21-21611-26.wav	เจ้าหน้าที่ก็เลยรีบนำตัวนายชนะส่งโรงพยาบาล
21-21612-0.wav	แต่มาดูเหตุการณ์นี้ค่ะที่จังหวัดตรังค่ะ
21-21612-101.wav	นายสุรเดชเสียชีวิต
21-21612-11.wav	เหนืออำเภอวังวิเศษจังหวัดตรัง
21-21612-132.wav	ขณะที่นายนิกรทองใบพี่ชายของผู้ตายนะครับอยู่ในเหตุการณ์ด้วยนะครับบอกว่า
21-21612-136.wav	ส่วนแม่ของผู้ต้องหานะครับนางจำปีทองใบอายุ55นะครับ
21-21612-17.wav	ผู้เสียชีวิตชื่อว่านายสุรเดชทองใบ
21-21612-30.wav	ส่วนคนเจ็บคือนายนิกรทองใบ
21-21612-50.wav	ตัวผู้ต้องหาก่อเหตุแทงนายสุรเดชจนเสียชีวิตเนี่ยนะคะ
21-21612-67.wav	นั่งดื่มเหล้าขาวกับนายนิกร
21-21612-75.wav	นายนิกรเหมือนกับไปพูดแทงใจดำ
21-21612-7.wav	เมื่อช่วงกลางดึกที่ผ่านมาตำรวจสภ.วังวิเศษจังหวัดตรัง
21-21612-84.wav	แต่นายปฐมพงศ์เอามีดออกมานะคะ
21-21618-2.wav	เพราะว่าที่จังหวัดแพร่เนี่ยนะฮะผู้หญิงอายุ34ปีท้องแก่แล้ว
21-21619-119.wav	ช่วยครอบครัวของแม่น้ำค้างจากจังหวัดพิษณุโลก
21-21619-44.wav	สิ่งศักดิ์สิทธิ์ประจำจังหวัด
21-21619-7.wav	นครไทยสิ่งศักดิ์สิทธิ์ประจำจังหวัดน้ำพริก
21-21623-1.wav	ซึ่งเป็นระดับเจ้าอาวาสในวัดแห่งหนึ่งที่จังหวัดน่าน
21-21623-7.wav	ค่ะแล้วก็มีการโพสต์ภาพการเดินทางท่องเที่ยว
21-21624-12.wav	กำลังวิ่งข้ามถนนหนีนะครับเหตุการณ์เนี่ยเกิดขึ้นที่เรือนจำจังหวัดกระบี่
21-21624-35.wav	สำนักงานเขตพื้นที่การปฐมศึกษาจังหวัดกระบี่
21-21624-38.wav	ทั้งคู่เนี่ยถูกจับคดียาเสพติดในจังหวัดกระบี่แต่
21-21624-40.wav	ตำรวจภูธรจังหวัดกระบี่ลงพื้นที่อำเภอปลายพระยาทำไม
21-21624-7.wav	เป็นนักโทษชายในเรือนจำจังหวัดกระบี่ครับถอดเสื้อใส่กางเกงขาสั้นนะครับ
21-21627-9.wav	อำเภอพุนพินจังหวัดสุราษฎร์ธานี
21-21629-23.wav	คือเดินทางไปแจ้งความที่สถานีตำรวจ
21-21630-14.wav	ไม่ใช่การตัดสินใจของนายกรัฐมนตรีเพียงคนเดียวนะครับแต่เป็นภารกิจที่ได้รับความร่วมมือร่วมใจจากคนไทยทั้งประเทศ
21-21630-4.wav	เป็นที่จังหวัดภูเก็ต3แล้วก็กระบี่1
21-21634-138.wav	ข่าวไทยรัฐทีวีรายงานสดจากอำเภอปากช่องจังหวัดนครราชสีมา
21-21634-76.wav	รายงานมาจากอำเภอปากช่องที่จังหวัดนครราชสีมา
21-21635-18.wav	อำเภอนครไทยจังหวัดพิษณุโลก
21-21635-21.wav	ซึ่งล่าสุดนะครับภาครัฐโดยสมาคมผู้เสียสละจังหวัดพิษณุโลก
21-21635-4.wav	เป็นต้นยางนาอยู่ที่อำเภอนครไทยจังหวัดพิษณุโลกครับ
21-21636-1.wav	ก็เป็นโครงการอยู่ที่พื้นที่ของดอยสุเทพอยู่เชิงดอยสุเทพนะครับที่จังหวัดเชียงใหม่นะฮะ
21-21638-11.wav	จุดเกิดเหตุก็คือที่อาคารเฉลิมพระเกียรติเทศบาลเมืองท่าโขลงตำบลคลอง1อำเภอคลองหลวงจังหวัดปทุมธานีนะคะ
21-21638-17.wav	อีกคนหนึ่งที่ได้รับบาดเจ็บก็คือนายนิวัตรจอมมะเลื่อม
21-21641-1.wav	สามจังหวัดชายแดนภาคใต้ค่อนข้างที่จะระอุค่ะและครั้งนี้
21-21641-50.wav	ขณะที่ทางจุฬาราชมนตรีและประธานกรรมการอิสลาม3จังหวัดชายแดนภาคใต้
21-21641-51.wav	ก็จะเดินทางมาให้กำลังใจแก่พระสงฆ์ที่บาดเจ็บด้วย
21-21641-53.wav	ในพื้นที่จังหวัดชายแดนภาคใต้เป็นอย่างมาก
21-21641-54.wav	โดยพระสงฆ์ในพื้นที่3จังหวัดชายแดนภาคใต้และ4อำเภอของจังหวัดสงขลา
21-21643-2.wav	นายกิตติมศักดิ์ศรีเดือนเป็นผู้ใหญ่บ้านบ้านแม่ตาหมู่1ตำบลท่าสายลวดอำเภอแม่สอดจังหวัดตากนะครับ
21-21648-15.wav	กล้องวงจรปิดจะเห็นว่านายปริญญาสิริชาตินะครับ
21-21648-34.wav	แต่ว่าทีนี้ไม่ถึง1นาทีนะคะหลังจากที่นายปริญญาฝากเงินเสร็จเรียบร้อย
21-21648-43.wav	ซึ่งหลังจากเกิดเรื่องนายปริญญาผู้เสียหาย
21-21649-15.wav	ลูกชายของนายมานพจนเป็นเหตุให้เสียชีวิต
21-21649-1.wav	หลังจากที่ถูกตำรวจสภ.แม่กาจังหวัดพะเยาไล่ตามยิงสกัดรถกระบะ
21-21649-43.wav	ภายในตำบลวังทรายอำเภอวังเหนือจังหวัดลำปาง
21-21649-5.wav	เมื่อวันที่14ตุลาคมที่ผ่านมาตำรวจภูธรแม่กาจังหวัดพะเยา
21-21649-9.wav	ขณะนั้นเองตำรวจที่ประจำจุดตรวจ4นาย
21-21650-97.wav	คนต่างจังหวัดล่ะหลักเมืองประจำจังหวัดของทุกจังหวัดนี้
21-21651-21.wav	บอกว่านางเข้าห้องน้ำที่บ้านจ้า
21-21654-165.wav	ก็มีคณะครูจากโรงเรียนเดินทางมาร่วมฟังพระสวดอภิษฐรรมศพของเฟรม
21-21654-19.wav	มีครอบครัวทั้งสองฝั่งเดินทางมาให้ข้อมูลด้วยค่ะ
21-21662-63.wav	สำหรับสถานการณ์ล่าสุดที่เกิดขึ้นในจังหวัดน่านขณะนี้นะครับ
21-21664-1.wav	ไปดูในสถานที่ต่างๆค่ะหลากหลายจังหวัดเลย
21-21664-40.wav	ไปดูกันที่จังหวัดนครราชสีมาค่ะคุณผู้ชมค่ะ
21-21664-76.wav	อยู่จังหวัดเชียงใหม่จ้า
21-21665-22.wav	นายกิรติอ้างว่านางดวงใจไม่ใช่พี่สาวโดยสายเลือด
21-21667-0.wav	พูดถึงวัดพระธรรมกายก็มีประเด็นเกิดขึ้นอีกที่จังหวัดระยอง
21-21667-27.wav	ซึ่งก็มีพระราชสิทธินายกเจ้าคณะจังหวัดระยองเป็นประธานสงฆ์
21-21667-6.wav	วัดพระธรรมกายจังหวัดระยองนะคะ
21-21668-26.wav	นำตัวไปโรงพยาบาลตรวจหาโควิดก่อนอืมนะคะวันนี้ทางเจ้าหน้าที่ศูนย์ไร้ที่พึ่งจังหวัดสมุทรปราการ
21-21668-31.wav	นางสาวแดงบอกอย่างนี้ค่ะบอกว่าเธออยู่ที่บ้านร้างแห่งนี้มาปีนึงแล้ว
21-21669-20.wav	ก็ตามไปที่บ้านก็เจอนายสิทธิชัยยืนอยู่หน้าบ้านเลยนะคะ
21-21669-23.wav	นายสิทธิชัยคนนี้ยอมรับสารภาพทุกข้อกล่าวหาเลยค่ะ
21-21669-26.wav	นายสิทธิชัยยอมรับว่าเขาเข้าไปงัดร้านอาหารร้านนี้จริง
21-21670-16.wav	พบนายเหยียบอายุ53ปีเจ็บค่ะ
21-21674-31.wav	เคยเดินทางมายื่นเรื่องที่สมาคมกีฬาฟุตบอลแห่งประเทศไทย
21-21675-3.wav	นักท่องเที่ยวจีนที่เดินทางเข้ามาเที่ยวที่เมืองไทย
21-21675-5.wav	คือนักท่องเที่ยวเดินทางมาแล้วแสดงเอกสารไม่ครบในการผ่านเข้าเมือง
21-21678-14.wav	เป็นชาวอำเภอพะโต๊ะจังหวัดชุมพร
21-21679-36.wav	คือตอนนี้เดี๋ยวจะให้เด็กไปอยู่กับยายที่จังหวัดตรังก่อนนะ
21-21682-11.wav	เดินทางมาเยี่ยมที่เสถียรธรรมสถานโดยมิได้นัดหมาย
21-21685-225.wav	อยู่คนละที่กันอยู่คนละจังหวัดกันเลย
21-21687-0.wav	คุณผู้ชมคะขยับไปดูเรื่องนี้ค่ะที่จังหวัดสมุทรปราการมันมีอุบัติเหตุเช่นเดียวกัน
21-21687-20.wav	โดยมีคนขับเนี่ยคือนายสุดเขตวัย27ปีเขายืนรอให้การ
21-21687-23.wav	ก็เจอร่างคนตายคือนายธนพัฒน์ค่ะวัย37ปีนอนตายคาที่เลยนะคะ
21-21687-25.wav	สภาพศพของนายธนพัฒน์เขาขาหักทั้งสองข้างแขนซ้ายหักคอหักนะคะ
21-21687-35.wav	ทีนี้ทางด้านของตัวนายสุดเขตค่ะคนขับรถกระบะนะคะ
21-21688-16.wav	คนขับรถคันนี้แล้วก็นางสาวสุนามสมมุติอายุ35ปี
21-21688-27.wav	ก็เหลือแต่นายบุญมาที่จะให้การได้
21-21688-33.wav	ดักรอรถใหญ่ของนายพิชิต
21-21688-35.wav	ว่าภรรยาของเขาคือนางสาวสุ
21-21688-48.wav	ตัวของนายบุญมาก็พยายามขับรถใหญ่แซงขวา
21-21688-49.wav	แต่ว่ารถใหญ่ของนายพิชิตก็ไม่ยอมเหมือนกัน
21-21688-8.wav	อำเภอบางบ่อจังหวัดสมุทรปราการนะครับ
21-21690-20.wav	แต่นายแชมเบอร์ก็มั่นใจว่าพวกเขาจะสร้างหุ่นยนต์
21-21691-107.wav	กับการแข่งขันกีฬาพื้นบ้านสตรีสากลจังหวัดสตูล
21-21691-50.wav	มีงานแข่งขันด้วยที่จังหวัดสุรินทร์นะคะ
21-21691-8.wav	เพราะว่าการแข่งที่นี่นะครับเขาเป็นการแข่งขันรถไถนาที่จังหวัดพิษณุโลก
21-21692-45.wav	เนื่องจากมีปริมาณประชาชนไม่แออัดมากนักทุกคนก็ยังสามารถเดินทางเข้าไปในพระบรมมหาพระราชวัง
21-21693-14.wav	ก็ทยอยเดินทางมารับบุตรหลานกลับบ้าน
21-21694-1.wav	คนร้ายคนนี้เป็นชาวกัมพูชาไปก่อเหตุขโมยของในบ้านของชาวบ้านที่บางประกงจังหวัดฉะเชิงเทราค่ะ
21-21694-7.wav	ชาวบ้านก็วิ่งไล่จับนายดำ
21-21695-0.wav	มาดูเรื่องราวของนักศึกษารายหนึ่งนะคะนักศึกษาสาวคนหนึ่งในมหาวิทยาลัยที่จังหวัดกำแพงเพชรค่ะ
21-21695-19.wav	เดินทางไปเข้าพบพนักงานสอบสวนสภ.เมืองกำแพงเพชร
21-21695-4.wav	เป็นเรื่องของนักศึกษาหญิงในมหาวิทยาลัยแห่งหนึ่งจังหวัดกำแพงเพชร
21-21696-19.wav	หลังจากนั้นก็ถูกนายธนกรผู้ต้องหาเนี่ย
21-21696-39.wav	เดินทางกลับโรงแรมตามปกติ
21-21696-55.wav	ก็เจ้าหน้าที่สำนักงานทนายความของนายบัญชานะคะ
21-21696-63.wav	ก็คือนางสุภาพรนะคะ
21-21697-121.wav	ในส่วนของรองโฆษกประจำสำนักนายกรัฐมนตรีนะครับ
21-21697-146.wav	โดยให้สาธารณสุขและหน่วยงานต่างของจังหวัด
21-21697-19.wav	ในช่วง10นาฬิกา45นาทีผมเข้าไปดูในเพจประชาสัมพันธ์ของจังหวัดเชียงใหม่เขานะครับ
21-21697-29.wav	แต่ทั้งหมดทั้งมวลก็ทางเรือนจำแล้วก็ทางจังหวัดชี้แจงบอกว่า
21-21697-36.wav	จะไม่มีผลทำให้เกิดการประบาดไปสู่ประชาชนในจังหวัดเชียงใหม่นะครับ
21-21699-16.wav	เป็นวินาทีที่คนก่อเหตุคือนายสมชาติอายุ45
21-21699-18.wav	กระชากคอก่อนจะยิงนายพิทักษ์อายุ45เท่ากันเลย
21-21699-24.wav	ศพนายพิทักษ์พบว่าถูกยิงเข้าไปโดนเข้าที่หัวและลำตัว9นัด
21-21704-57.wav	คนก็ไปเที่ยวกันเยอะนักท่องเที่ยวก็ยังคงไปท่องเที่ยวได้ตามปกตินะครับ
21-21705-8.wav	ป่าอ้อดอนชัยอำเภอเมืองจังหวัดเชียงราย
21-21707-299.wav	โบราณคดีคณะกรรมการจังหวัดจะทำการขุดค้นซากปรักหักพัง
21-21708-24.wav	ซึ่งจะเดินทางมาร่วมรับฟังคำวินิจฉัย
21-21708-27.wav	โดยจะเดินทางมาถึงที่พักในเวลา13นาฬิกา
21-21708-29.wav	ก็มีมวลชนบางส่วนทยอยเดินทางมา
21-21709-122.wav	พาไปไม่ถึงไม่ไปเจอนายวินัยที่เป็นผู้ใหญ่เลยนะ
21-21709-168.wav	บอกว่าอยากจะส่งน้องฟ้าใสไปเรียนที่จังหวัดสุราษฎร์ธานี
21-21709-33.wav	นางสาวบีมแล้วก็นางสาวรุ้งก็ออกมาเปิดใจครั้งแรกเลย
21-21711-23.wav	ก็ส่งชุดค้นหาไป22นายมีเครื่องมือกู้ภัยก็เข้ากันไปในถ้ำ
21-21712-182.wav	นี่นายอานนท์เขาประกาศไว้แบบนี้
21-21713-24.wav	ตรงกับกำหนดการที่เสกโลโซจะต้องเดินทางไปรายงานตัวต่อสารจังหวัดนครศรีธรรมราชด้วยเช่นเดียวกัน
21-21714-16.wav	อีกทั้งฝ่ายนายประเสริฐผู้ตายเคยนำมีดยาวมาขูดถึงหน้าบ้าน
21-21714-3.wav	หลังสิ้นเสียงปืนรัว9นัดสังหารผู้ช่วยผู้ใหญ่บ้านหมู่3ตำบลบางขุนกองอำเภอบางกรวยจังหวัดนนทบุรี
21-21714-5.wav	เพราะเขาคือผู้ก่อเหตุใช้ปืนขนาด9มิลลิเมตรหญิงคู่อริคือนายประเสริฐมีแป้นเสียชีวิตหน้าบ้านพัก
21-21714-9.wav	กระทั่งคืนเกิดเหตุนายเชิดศักดิ์และแฟนสาวกลับจากดื่มสังสรรค์กับเพื่อนบ้าน
21-21716-123.wav	ซึ่งนำโดยนายอำเภอเขาชะเมาตำรวจทหารกว่า100นายนั้นเดินทางเข้าไปยังจุดนี้เรียบร้อยแล้วค่ะ
21-21716-35.wav	ซึ่งคาดการณ์ว่าน่าจะเป็นร่องรอยของทหารอากาศทั้ง3นาย
21-21716-5.wav	จากอำเภอแก่งหางแมวจังหวัดจันทบุรี
21-21718-14.wav	คืออยู่ที่ตำบลหาดใหญ่ที่อำเภอหาดใหญ่จังหวัดสงขลา
21-21719-15.wav	เอาให้อายกันทั้งจังหวัดไม่ต้องมีที่ยืนบนสังคม
21-21719-1.wav	ที่จังหวัดระยองมีเจ้าหนี้นะ
21-21719-59.wav	จากการสอบถามชาวบ้านในซอยทราบว่าผู้ที่นำป้ายมาติดไว้ก็คือนางสาวเอเป็นนามสมมุติแล้วกันนะฮะ
21-21719-64.wav	ก็ตามไปหานางสาวเอนางสาวเอนะครับเปิดเผยกับทีมข่าวเหมือนกัน
21-21720-0.wav	นี้ก็เกี่ยวกับเด็กครับในพื้นที่จังหวัดตรัง
21-21721-13.wav	ถ้าดูไทม์ไลน์เนี่ยตามที่ญาติเขาบอกเนี่ยน้องผู้หญิงที่อยู่ที่จังหวัดเลยเนี่ยนะฮะ
21-21721-163.wav	แต่ถ้าเราดูจากเรื่องชีวิตของน้องที่เสียชีวิตที่จังหวัดเลยเนี่ยนะ
21-21721-17.wav	ข้อมูลการไปสักลายของหญิงสาวชาวจังหวัดเลยอายุ22ปีเป็น1ใน4ที่เสียชีวิตนะ
21-21721-181.wav	21สิงหาคมได้โพสต์ภาพถ่ายของลูกสาวตอนที่อยู่ที่โรงพยาบาลที่จังหวัดเลย
21-21721-18.wav	พ่อของผู้เสียชีวิตที่อยู่ที่จังหวัดเลยเหมือนกันอ่าบอกกับไทยรัฐทีวีว่าลูกสาวเนี่ย
21-21721-1.wav	เพราะว่ามีน้องผู้หญิงคนหนึ่งอายุ22ปีเป็นชาวจังหวัดเลย
21-21721-26.wav	กระทั่งลูกสาวโทรศัพท์มาบอกว่าปวดท้องมากแล้วก็เดินทางไปหาหมอที่โรงพยาบาลแห่งหนึ่งในอำเภอลำลูกกาจังหวัดปทุมธานี
21-21721-29.wav	ลูกสาวโทรศัพท์มาบอกอีกครั้งว่ากำลังนั่งรถจะเดินทางไปหาป้าที่เชียงใหม่นะ
21-21721-33.wav	เข้าไปทั้งหมดในคืนนั้นเนี่ยที่จะเดินทางไปหาป้าที่เชียงใหม่เนี่ย9ครั้ง
21-21721-35.wav	ก็เลยพาไปที่โรงพยาบาลแห่งหนึ่งที่จังหวัดเชียงใหม่
21-21721-36.wav	ก่อนที่ผู้เป็นพ่อจะขับรถไปหาลูกสาวที่จังหวัดเชียงใหม่
21-21721-41.wav	พ่อบอกว่าพ่อได้ย้ายลูกสาวกลับมาที่โรงพยาบาลจังหวัดเลยที่บ้าน
21-21723-18.wav	ตำบลผาจุกอำเภอเมืองจังหวัดอุตรดิตถ์
21-21725-17.wav	เจ้าหน้าที่ด่านกักกันสัตว์จังหวัดสงขลาเนี่ย
21-21725-27.wav	ทีมข่าวก็เลยสอบถามไปที่ด่านกักกันสัตว์จังหวัดสงขลา
21-21727-26.wav	อีกต่อไปยกเว้นครับนักการเมืองจังหวัดสุพรรณบุรี
21-21728-7.wav	ชื่อเขานะเขาบอกว่าเป็นการสร้างสรรค์การรับรู้เกี่ยวกับอุทยาประวัติศาสตร์ศรีเทพที่ชาวจังหวัดเพชรชบูรณ์เขาภาคภูมิใจ
21-21729-15.wav	ไปส่องจอมปลวกกันต่อที่ใต้อุโบสถของวัดอีแงวอำเภอขลุงจังหวัดจันทบุรี
21-21730-38.wav	ก็คือนายวิชิตนะครับบอกกับคุณกิติศักดิ์ผู้สื่อข่าวของเรา
21-21731-50.wav	ที่ผ่านมาร้องเรียนเทศบาลจังหวัด
21-21732-48.wav	หากินได้เพียงที่นี่ที่เดียวคือที่จังหวัดพะเยาคุณผู้ชม
21-21734-19.wav	กิโลเมตรที่46ในอำเภอบางปะกงจังหวัดฉะเชิงเทราครับ
21-21736-42.wav	ที่อำเภอตาคลีจังหวัดนครสวรรค์ท้องที่สภ.ตาคลี
21-21737-38.wav	ที่มีคนทักมาบอกบูมเหมือนกันว่าทำไมไม่เอาเพื่อนนางมาบ้าง
21-21742-108.wav	ส่วนกรณีของจังหวัดปัตตานี
21-21742-10.wav	มันมีหลายตัวอย่างหลายจังหวัดแล้วนะฮะ
21-21742-112.wav	ซึ่งรวมถึงจังหวัดปัตตานีโรงพยาบาลปัตตานีด้วยนะครับ
21-21742-143.wav	เรื่องของการจัดส่งที่น้อยกว่าจำนวนที่ทางจังหวัด
21-21742-30.wav	จังหวัดได้รับมาเพียง2160โดส
21-21742-92.wav	แห่งทั้ง77จังหวัดตั้งแต่3สิงหาคม
21-21742-98.wav	ในพื้นที่จังหวัดเชียงใหม่นะครับ
21-21743-11.wav	เพื่อให้ประชาชนและภาคธุรกิจไม่ต้องเสียเวลาและค่าใช้จ่ายในการเดินทางค่ะ
21-21743-2.wav	อยู่ที่จังหวัดมุกดาหารค่ะ
21-21743-41.wav	สามารถนำนิทานหุ่นมือเคลื่อนที่นี้ออกไปเดินทาง
21-21744-154.wav	มาเอาใจช่วยครอบครัวของน้องใสจากจังหวัดอุบลราชธานีจะสามารถคว้าทุนไปต่อชีวิตสูงสุดได้หรือไม่ในเกมต่อชีวิตช่วงหน้าครับ
21-21744-30.wav	เคยไปทำธุระที่สารกลางจังหวัดบ้างไหม
21-21746-19.wav	ตรงนี้คือบ้านโพนทรายตำบลสำโรงจังหวัดมหาสารคาม
21-21746-25.wav	คนก่อเหตุชื่อว่านายวุฒิไกรอายุ35ปี
21-21749-12.wav	หลังจากนิวพร้อมมารดาเดินทางไปร่วมกิจกรรม7รอบคณะราช84ปี
21-21751-33.wav	การแก้ไขปัญหาในพื้นที่3จังหวัดชายแดนภาคใต้
21-21751-58.wav	ในพื้นที่3จังหวัดชายแดนภาคใต้เด่นชัดมากขึ้น
21-21751-60.wav	แต่โครงสร้างของ3จังหวัดชายแดนภาคใต้
21-21758-67.wav	เคยพูดสนับสนุนจังหวัดนครสวรรค์นะ
21-21759-12.wav	ซึ่งเป็นภรรยาของนายสุชาติผู้เสียชีวิต
21-21759-6.wav	ทางครอบครัวได้มีการตั้งศพของนายสุชาติผลเจริญอายุ38ปี
21-21764-100.wav	เมื่อวานก่อนคุณผู้ชมเดินทางไปหาสามีนะคะที่โรงพักพร้อมกับซื้อแกงเหลือง
21-21764-103.wav	อยู่กินกับนายสุวิทย์มากว่า3ปีรู้ดีว่าสามีไม่มีทาง
21-21764-108.wav	ภรรยาของนายสุวิทย์บอกว่าวันเกิดเหตุก็คือวันที่
21-21764-109.wav	นายสุชาติเสียชีวิตเนี่ยสามีไปทำงานที่บริษัทกำจัดปลวกแห่งหนึ่ง
21-21764-113.wav	ไม่ได้ออกไปไหนทีนี้นายสุวิทย์บอกกับภรรยา
21-21764-115.wav	แล้วนายสุวิทย์ยังบอกกับภรรยาบอกว่าเราถูกซ้อมให้รับสารภาพ
21-21764-118.wav	ภรรยาของนายสุวิทย์ตั้งข้อสังเกตแบบนี้พี่เบิร์ตก๊อฟ
21-21764-21.wav	ชื่อจริงก็คือนายสุรชัยเริงสมุทรอายุ37ปีค่ะ
21-21764-51.wav	ก็คือนายสุวิทย์เริงสมุทรอายุ25ปีหรือว่าบังเลาะเนี่ยนะคะ
21-21764-52.wav	ตำรวจบอกว่าบังเลาะเนี่ยเดินทางไปเองเลยนะ
21-21764-57.wav	นายสุวิทย์หรือว่าบังเลาะยอมรับสารภาพบอกว่า
21-21764-65.wav	ไปขุดหลุมเพื่อฝังศพของนายสุชาติ
21-21764-6.wav	เราเดินทางไปพูดคุยกับภรรยาของบังเลาะคนนี้แล้วนะคะคุณผู้ชม
21-21764-85.wav	ก็เลยสั่งการให้พนักงานสอบสวนสภ.อ่าวนาง
21-21764-94.wav	บอกว่าตอนนี้ไม่กังวลเลยกรณีที่นายสูวิทย์รู้ว่า
21-21764-99.wav	ทีนี้มาดูฝั่งภรรยาของบังเลาะหน่อยภรรยาของนายสุวิทย์นะคะ
21-21770-25.wav	ซึ่งนายรังสรรค์สวมเสื้อวินเบอร์65ล่ะที่มีการออกหมายจับมาก่อนหน้านี้
21-21770-3.wav	ล่าสุดวันนี้ญาติเองก็เดินทางเข้าไปรับศพ
21-21770-77.wav	ก็เดินทางมาประชุมติดตามความคืบหน้าคดีนี้ด้วยตัวเอง
21-21772-27.wav	ที่บ้านท่าไม้แดงที่หมู่ที่3ตำบลวังหินอำเภอเมืองจังหวัดตากนะครับ
21-21772-50.wav	เขารู้เลยเพราะเขาดูข่าวโจรปล้นทองที่พื้นที่ของเขาคือจังหวัดตาก
21-21773-18.wav	ไปที่โรงเรียนดังกล่าวอยู่ในอำเภอสังขะของจังหวัดสุรินทร์
21-21773-4.wav	โรงเรียนแห่งหนึ่งที่จังหวัดสุรินทร์คุณผู้ชมลองดูภาพหน้าจอนะฮะ
21-21775-11.wav	นี่ค่ะมีนางรำสวยงามอ่อนช้อยขนาดนี้
21-21775-13.wav	ไปจนถึงนางรำสาวใหญ่ไปจนถึงนางรำสาวสวย
21-21775-16.wav	โดยเฉพาะนี่นางรำคนนี้คุณดูสวยไหม
21-21775-7.wav	ภายในพิธีนะคุณผู้ชมต้องบอกเลยว่าทางจังหวัดเนี่ย
21-21775-9.wav	มีการนำเหล่าบรรดานางรำกว่า672ชีวิต
21-21776-49.wav	ส่วนที่จังหวัดนราธิวาสนะครับ
21-21779-18.wav	เพราะต้องการจะเดินทางให้ถึงพระบรมมหาราชวัง
21-21779-2.wav	ตอนนี้เป็นเวลากว่า12ชั่วโมงแล้วค่ะที่ลุงปานเดินทางด้วยรถสามล้อพระราชทาน
21-21779-31.wav	และยืนยันจะคอยดูแลตลอดการเดินทาง
21-21780-510.wav	ก็ได้เดินทางไปต้อนรับการเปิดเหมืองการผลิตทองคำ
21-21783-0.wav	คุณผู้ชมครับเรามาดูรายละเอียดในรายจังหวัด
21-21783-3.wav	หายป่วยแล้วทั้งสองรายทางจังหวัด
21-21783-40.wav	สาธารณสุขจังหวัดได้ออกมายืนยันว่าผู้ป่วยติดเชื้อโควิด2ราย
21-21783-43.wav	ชาวจังหวัดศรีสงครามที่เข้ารับการตรวจรักษาตัว
21-21783-58.wav	สำหรับคำสั่งปิดการเข้าออกระหว่างจังหวัด
21-21783-6.wav	แล้วก็ไปดูอีกจังหวัดก็คือที่พังงา
21-21785-30.wav	อยู่ที่ถนนนครสวรรค์จังหวัดมหาสารคามค่ะ
21-21785-3.wav	มานี่เขาปิ้งกันเป็นแผงแบบนี้เลยค่ะครับที่นี่นะคะอยู่ที่จังหวัดมหาสารคาม
21-21785-41.wav	เรากินอิ่มแล้วเราก็จะได้รู้ว่าเราจะต้องเดินทางไปที่ไหนบ้าง
21-21788-11.wav	อำเภอบ้านบึงจังหวัดชลบุรีนะคะ
21-21789-14.wav	มาจากหนึ่งในแนวทางแก้ไขปัญหาจังหวัดชายแดนภาคใต้
21-21789-21.wav	คือศูนย์อำนวยการบริหารจังหวัดชายแดนภาคใต้
21-21789-33.wav	พร้อมกับแผนนโยบายในการแก้ไขปัญหาจังหวัดชายแดนภาคใต้
21-21795-0.wav	ความคืบหน้านะคะกรณีที่ประชาชนในจังหวัดเชียงใหม่
21-21795-66.wav	ขอให้เป็นอำนาจหน้าที่ของนายกรัฐมนตรี
21-21795-72.wav	ภายใน7วันนี้ขอเรียกร้องให้นายกรัฐมนตรี
21-21798-3.wav	อนาคตครอบครัวของมะนาวจากจังหวัดสุพรรณบุรี
21-21798-55.wav	เพราะฉะนั้นครอบครัวของคุณมะนาวจากจังหวัดสุพรรณบุรี